分割图路径,细胞核分类,实例分割结果,原图
tissue_seg@10x/GDPH-tissue-segmentation/GDPH-tissue-segmentation/1000252-7-HE-DX1.png,DP500-COAD_READ-GDPH_P01/part1/1000252-7-HE-DX1-class.tiff,DP500-COAD_READ-GDPH_P01/part1/1000252-7-HE-DX1-instance.tiff,DP500-COAD_READ-GDPH_P01/part1/1000252-7-HE-DX1.tiff
tissue_seg@10x/GDPH-tissue-segmentation/GDPH-tissue-segmentation/1000253-15-HE-DX1.png,DP500-COAD_READ-GDPH_P01/part1/1000253-15-HE-DX1-class.tiff,DP500-COAD_READ-GDPH_P01/part1/1000253-15-HE-DX1-instance.tiff,DP500-COAD_READ-GDPH_P01/part1/1000253-15-HE-DX1.tiff
tissue_seg@10x/GDPH-tissue-segmentation/GDPH-tissue-segmentation/1000658-5-HE-DX1.png,DP500-COAD_READ-GDPH_P01/part1/1000658-5-HE-DX1-class.tiff,DP500-COAD_READ-GDPH_P01/part1/1000658-5-HE-DX1-instance.tiff,DP500-COAD_READ-GDPH_P01/part1/1000658-5-HE-DX1.tiff
tissue_seg@10x/GDPH-tissue-segmentation/GDPH-tissue-segmentation/1001258-20-HE-DX1.png,DP500-COAD_READ-GDPH_P01/part1/1001258-20-HE-DX1-class.tiff,DP500-COAD_READ-GDPH_P01/part1/1001258-20-HE-DX1-instance.tiff,DP500-COAD_READ-GDPH_P01/part1/1001258-20-HE-DX1.tiff
tissue_seg@10x/GDPH-tissue-segmentation/GDPH-tissue-segmentation/1001641-11-HE-DX1.png,DP500-COAD_READ-GDPH_P01/part1/1001641-11-HE-DX1-class.tiff,DP500-COAD_READ-GDPH_P01/part1/1001641-11-HE-DX1-instance.tiff,DP500-COAD_READ-GDPH_P01/part1/1001641-11-HE-DX1.tiff
tissue_seg@10x/GDPH-tissue-segmentation/GDPH-tissue-segmentation/1002054-14-HE-DX1.png,DP500-COAD_READ-GDPH_P01/part1/1002054-14-HE-DX1-class.tiff,DP500-COAD_READ-GDPH_P01/part1/1002054-14-HE-DX1-instance.tiff,DP500-COAD_READ-GDPH_P01/part1/1002054-14-HE-DX1.tiff
tissue_seg@10x/GDPH-tissue-segmentation/GDPH-tissue-segmentation/1002188-9-HE-DX1.png,DP500-COAD_READ-GDPH_P01/part1/1002188-9-HE-DX1-class.tiff,DP500-COAD_READ-GDPH_P01/part1/1002188-9-HE-DX1-instance.tiff,DP500-COAD_READ-GDPH_P01/part1/1002188-9-HE-DX1.tiff
tissue_seg@10x/GDPH-tissue-segmentation/GDPH-tissue-segmentation/1002189-7-HE-DX1.png,DP500-COAD_READ-GDPH_P01/part1/1002189-7-HE-DX1-class.tiff,DP500-COAD_READ-GDPH_P01/part1/1002189-7-HE-DX1-instance.tiff,DP500-COAD_READ-GDPH_P01/part1/1002189-7-HE-DX1.tiff
tissue_seg@10x/GDPH-tissue-segmentation/GDPH-tissue-segmentation/1002191-8-HE-DX1.png,DP500-COAD_READ-GDPH_P01/part1/1002191-8-HE-DX1-class.tiff,DP500-COAD_READ-GDPH_P01/part1/1002191-8-HE-DX1-instance.tiff,DP500-COAD_READ-GDPH_P01/part1/1002191-8-HE-DX1.tiff
tissue_seg@10x/GDPH-tissue-segmentation/GDPH-tissue-segmentation/1002801-11-HE-DX1.png,DP500-COAD_READ-GDPH_P01/part1/1002801-11-HE-DX1-class.tiff,DP500-COAD_READ-GDPH_P01/part1/1002801-11-HE-DX1-instance.tiff,DP500-COAD_READ-GDPH_P01/part1/1002801-11-HE-DX1.tiff
tissue_seg@10x/GDPH-tissue-segmentation/GDPH-tissue-segmentation/1003752-10-HE-DX1.png,DP500-COAD_READ-GDPH_P01/part1/1003752-10-HE-DX1-class.tiff,DP500-COAD_READ-GDPH_P01/part1/1003752-10-HE-DX1-instance.tiff,DP500-COAD_READ-GDPH_P01/part1/1003752-10-HE-DX1.tiff
tissue_seg@10x/GDPH-tissue-segmentation/GDPH-tissue-segmentation/1004036-11-HE-DX1.png,DP500-COAD_READ-GDPH_P01/part1/1004036-11-HE-DX1-class.tiff,DP500-COAD_READ-GDPH_P01/part1/1004036-11-HE-DX1-instance.tiff,DP500-COAD_READ-GDPH_P01/part1/1004036-11-HE-DX1.tiff
tissue_seg@10x/GDPH-tissue-segmentation/GDPH-tissue-segmentation/1004621-15-HE-DX1.png,DP500-COAD_READ-GDPH_P01/part1/1004621-15-HE-DX1-class.tiff,DP500-COAD_READ-GDPH_P01/part1/1004621-15-HE-DX1-instance.tiff,DP500-COAD_READ-GDPH_P01/part1/1004621-15-HE-DX1.tiff
tissue_seg@10x/GDPH-tissue-segmentation/GDPH-tissue-segmentation/1004748-16-HE-DX1.png,DP500-COAD_READ-GDPH_P01/part1/1004748-16-HE-DX1-class.tiff,DP500-COAD_READ-GDPH_P01/part1/1004748-16-HE-DX1-instance.tiff,DP500-COAD_READ-GDPH_P01/part1/1004748-16-HE-DX1.tiff
tissue_seg@10x/GDPH-tissue-segmentation/GDPH-tissue-segmentation/1004749-17-HE-DX1.png,DP500-COAD_READ-GDPH_P01/part1/1004749-17-HE-DX1-class.tiff,DP500-COAD_READ-GDPH_P01/part1/1004749-17-HE-DX1-instance.tiff,DP500-COAD_READ-GDPH_P01/part1/1004749-17-HE-DX1.tiff
tissue_seg@10x/GDPH-tissue-segmentation/GDPH-tissue-segmentation/1004849-8-HE-DX1.png,DP500-COAD_READ-GDPH_P01/part1/1004849-8-HE-DX1-class.tiff,DP500-COAD_READ-GDPH_P01/part1/1004849-8-HE-DX1-instance.tiff,DP500-COAD_READ-GDPH_P01/part1/1004849-8-HE-DX1.tiff
tissue_seg@10x/GDPH-tissue-segmentation/GDPH-tissue-segmentation/1005088-6-HE-DX1.png,DP500-COAD_READ-GDPH_P01/part1/1005088-6-HE-DX1-class.tiff,DP500-COAD_READ-GDPH_P01/part1/1005088-6-HE-DX1-instance.tiff,DP500-COAD_READ-GDPH_P01/part1/1005088-6-HE-DX1.tiff
tissue_seg@10x/GDPH-tissue-segmentation/GDPH-tissue-segmentation/1006022-10-HE-DX1.png,DP500-COAD_READ-GDPH_P01/part1/1006022-10-HE-DX1-class.tiff,DP500-COAD_READ-GDPH_P01/part1/1006022-10-HE-DX1-instance.tiff,DP500-COAD_READ-GDPH_P01/part1/1006022-10-HE-DX1.tiff
tissue_seg@10x/GDPH-tissue-segmentation/GDPH-tissue-segmentation/1007259-10-HE-DX1.png,DP500-COAD_READ-GDPH_P01/part1/1007259-10-HE-DX1-class.tiff,DP500-COAD_READ-GDPH_P01/part1/1007259-10-HE-DX1-instance.tiff,DP500-COAD_READ-GDPH_P01/part1/1007259-10-HE-DX1.tiff
tissue_seg@10x/GDPH-tissue-segmentation/GDPH-tissue-segmentation/1007650-16-HE-DX1.png,DP500-COAD_READ-GDPH_P01/part1/1007650-16-HE-DX1-class.tiff,DP500-COAD_READ-GDPH_P01/part1/1007650-16-HE-DX1-instance.tiff,DP500-COAD_READ-GDPH_P01/part1/1007650-16-HE-DX1.tiff
tissue_seg@10x/GDPH-tissue-segmentation/GDPH-tissue-segmentation/1007962-11-HE-DX1.png,DP500-COAD_READ-GDPH_P01/part1/1007962-11-HE-DX1-class.tiff,DP500-COAD_READ-GDPH_P01/part1/1007962-11-HE-DX1-instance.tiff,DP500-COAD_READ-GDPH_P01/part1/1007962-11-HE-DX1.tiff
tissue_seg@10x/GDPH-tissue-segmentation/GDPH-tissue-segmentation/1008088-6-HE-DX1.png,DP500-COAD_READ-GDPH_P01/part1/1008088-6-HE-DX1-class.tiff,DP500-COAD_READ-GDPH_P01/part1/1008088-6-HE-DX1-instance.tiff,DP500-COAD_READ-GDPH_P01/part1/1008088-6-HE-DX1.tiff
tissue_seg@10x/GDPH-tissue-segmentation/GDPH-tissue-segmentation/1008810-11-HE-DX1.png,DP500-COAD_READ-GDPH_P01/part1/1008810-11-HE-DX1-class.tiff,DP500-COAD_READ-GDPH_P01/part1/1008810-11-HE-DX1-instance.tiff,DP500-COAD_READ-GDPH_P01/part1/1008810-11-HE-DX1.tiff
tissue_seg@10x/GDPH-tissue-segmentation/GDPH-tissue-segmentation/1008965-9-HE-DX1.png,DP500-COAD_READ-GDPH_P01/part1/1008965-9-HE-DX1-class.tiff,DP500-COAD_READ-GDPH_P01/part1/1008965-9-HE-DX1-instance.tiff,DP500-COAD_READ-GDPH_P01/part1/1008965-9-HE-DX1.tiff
tissue_seg@10x/GDPH-tissue-segmentation/GDPH-tissue-segmentation/1009054-9-HE-DX1.png,DP500-COAD_READ-GDPH_P01/part1/1009054-9-HE-DX1-class.tiff,DP500-COAD_READ-GDPH_P01/part1/1009054-9-HE-DX1-instance.tiff,DP500-COAD_READ-GDPH_P01/part1/1009054-9-HE-DX1.tiff
tissue_seg@10x/GDPH-tissue-segmentation/GDPH-tissue-segmentation/1010064-10-HE-DX1.png,DP500-COAD_READ-GDPH_P01/part1/1010064-10-HE-DX1-class.tiff,DP500-COAD_READ-GDPH_P01/part1/1010064-10-HE-DX1-instance.tiff,DP500-COAD_READ-GDPH_P01/part1/1010064-10-HE-DX1.tiff
tissue_seg@10x/GDPH-tissue-segmentation/GDPH-tissue-segmentation/1011038-12-HE-DX1.png,DP500-COAD_READ-GDPH_P01/part2/1011038-12-HE-DX1-class.tiff,DP500-COAD_READ-GDPH_P01/part2/1011038-12-HE-DX1-instance.tiff,DP500-COAD_READ-GDPH_P01/part2/1011038-12-HE-DX1.tiff
tissue_seg@10x/GDPH-tissue-segmentation/GDPH-tissue-segmentation/1011097-8-HE-DX1.png,DP500-COAD_READ-GDPH_P01/part2/1011097-8-HE-DX1-class.tiff,DP500-COAD_READ-GDPH_P01/part2/1011097-8-HE-DX1-instance.tiff,DP500-COAD_READ-GDPH_P01/part2/1011097-8-HE-DX1.tiff
tissue_seg@10x/GDPH-tissue-segmentation/GDPH-tissue-segmentation/1012638-12-HE-DX1.png,DP500-COAD_READ-GDPH_P01/part2/1012638-12-HE-DX1-class.tiff,DP500-COAD_READ-GDPH_P01/part2/1012638-12-HE-DX1-instance.tiff,DP500-COAD_READ-GDPH_P01/part2/1012638-12-HE-DX1.tiff
tissue_seg@10x/GDPH-tissue-segmentation/GDPH-tissue-segmentation/1012813-10-HE-DX1.png,DP500-COAD_READ-GDPH_P01/part2/1012813-10-HE-DX1-class.tiff,DP500-COAD_READ-GDPH_P01/part2/1012813-10-HE-DX1-instance.tiff,DP500-COAD_READ-GDPH_P01/part2/1012813-10-HE-DX1.tiff
tissue_seg@10x/GDPH-tissue-segmentation/GDPH-tissue-segmentation/1013099-6-HE-DX1.png,DP500-COAD_READ-GDPH_P01/part2/1013099-6-HE-DX1-class.tiff,DP500-COAD_READ-GDPH_P01/part2/1013099-6-HE-DX1-instance.tiff,DP500-COAD_READ-GDPH_P01/part2/1013099-6-HE-DX1.tiff
tissue_seg@10x/GDPH-tissue-segmentation/GDPH-tissue-segmentation/1013485-21-HE-DX1.png,DP500-COAD_READ-GDPH_P01/part2/1013485-21-HE-DX1-class.tiff,DP500-COAD_READ-GDPH_P01/part2/1013485-21-HE-DX1-instance.tiff,DP500-COAD_READ-GDPH_P01/part2/1013485-21-HE-DX1.tiff
tissue_seg@10x/GDPH-tissue-segmentation/GDPH-tissue-segmentation/1014098-17-HE-DX1.png,DP500-COAD_READ-GDPH_P01/part2/1014098-17-HE-DX1-class.tiff,DP500-COAD_READ-GDPH_P01/part2/1014098-17-HE-DX1-instance.tiff,DP500-COAD_READ-GDPH_P01/part2/1014098-17-HE-DX1.tiff
tissue_seg@10x/GDPH-tissue-segmentation/GDPH-tissue-segmentation/1014702-28-HE-DX1.png,DP500-COAD_READ-GDPH_P01/part2/1014702-28-HE-DX1-class.tiff,DP500-COAD_READ-GDPH_P01/part2/1014702-28-HE-DX1-instance.tiff,DP500-COAD_READ-GDPH_P01/part2/1014702-28-HE-DX1.tiff
tissue_seg@10x/GDPH-tissue-segmentation/GDPH-tissue-segmentation/1015362-12-HE-DX1.png,DP500-COAD_READ-GDPH_P01/part2/1015362-12-HE-DX1-class.tiff,DP500-COAD_READ-GDPH_P01/part2/1015362-12-HE-DX1-instance.tiff,DP500-COAD_READ-GDPH_P01/part2/1015362-12-HE-DX1.tiff
tissue_seg@10x/GDPH-tissue-segmentation/GDPH-tissue-segmentation/1016007-10-HE-DX1.png,DP500-COAD_READ-GDPH_P01/part2/1016007-10-HE-DX1-class.tiff,DP500-COAD_READ-GDPH_P01/part2/1016007-10-HE-DX1-instance.tiff,DP500-COAD_READ-GDPH_P01/part2/1016007-10-HE-DX1.tiff
tissue_seg@10x/GDPH-tissue-segmentation/GDPH-tissue-segmentation/1016812-17-HE-DX1.png,DP500-COAD_READ-GDPH_P01/part2/1016812-17-HE-DX1-class.tiff,DP500-COAD_READ-GDPH_P01/part2/1016812-17-HE-DX1-instance.tiff,DP500-COAD_READ-GDPH_P01/part2/1016812-17-HE-DX1.tiff
tissue_seg@10x/GDPH-tissue-segmentation/GDPH-tissue-segmentation/1016826-16-HE-DX1.png,DP500-COAD_READ-GDPH_P01/part2/1016826-16-HE-DX1-class.tiff,DP500-COAD_READ-GDPH_P01/part2/1016826-16-HE-DX1-instance.tiff,DP500-COAD_READ-GDPH_P01/part2/1016826-16-HE-DX1.tiff
tissue_seg@10x/GDPH-tissue-segmentation/GDPH-tissue-segmentation/1016959-6-HE-DX1.png,DP500-COAD_READ-GDPH_P01/part2/1016959-6-HE-DX1-class.tiff,DP500-COAD_READ-GDPH_P01/part2/1016959-6-HE-DX1-instance.tiff,DP500-COAD_READ-GDPH_P01/part2/1016959-6-HE-DX1.tiff
tissue_seg@10x/GDPH-tissue-segmentation/GDPH-tissue-segmentation/1017683-17-HE-DX1.png,DP500-COAD_READ-GDPH_P01/part2/1017683-17-HE-DX1-class.tiff,DP500-COAD_READ-GDPH_P01/part2/1017683-17-HE-DX1-instance.tiff,DP500-COAD_READ-GDPH_P01/part2/1017683-17-HE-DX1.tiff
tissue_seg@10x/GDPH-tissue-segmentation/GDPH-tissue-segmentation/1018130-11-HE-DX1.png,DP500-COAD_READ-GDPH_P01/part2/1018130-11-HE-DX1-class.tiff,DP500-COAD_READ-GDPH_P01/part2/1018130-11-HE-DX1-instance.tiff,DP500-COAD_READ-GDPH_P01/part2/1018130-11-HE-DX1.tiff
tissue_seg@10x/GDPH-tissue-segmentation/GDPH-tissue-segmentation/1018162-12-HE-DX1.png,DP500-COAD_READ-GDPH_P01/part2/1018162-12-HE-DX1-class.tiff,DP500-COAD_READ-GDPH_P01/part2/1018162-12-HE-DX1-instance.tiff,DP500-COAD_READ-GDPH_P01/part2/1018162-12-HE-DX1.tiff
tissue_seg@10x/GDPH-tissue-segmentation/GDPH-tissue-segmentation/1018254-10-HE-DX1.png,DP500-COAD_READ-GDPH_P01/part2/1018254-10-HE-DX1-class.tiff,DP500-COAD_READ-GDPH_P01/part2/1018254-10-HE-DX1-instance.tiff,DP500-COAD_READ-GDPH_P01/part2/1018254-10-HE-DX1.tiff
tissue_seg@10x/GDPH-tissue-segmentation/GDPH-tissue-segmentation/1018272-8-HE-DX1.png,DP500-COAD_READ-GDPH_P01/part2/1018272-8-HE-DX1-class.tiff,DP500-COAD_READ-GDPH_P01/part2/1018272-8-HE-DX1-instance.tiff,DP500-COAD_READ-GDPH_P01/part2/1018272-8-HE-DX1.tiff
tissue_seg@10x/GDPH-tissue-segmentation/GDPH-tissue-segmentation/1018275-20-HE-DX1.png,DP500-COAD_READ-GDPH_P01/part2/1018275-20-HE-DX1-class.tiff,DP500-COAD_READ-GDPH_P01/part2/1018275-20-HE-DX1-instance.tiff,DP500-COAD_READ-GDPH_P01/part2/1018275-20-HE-DX1.tiff
tissue_seg@10x/GDPH-tissue-segmentation/GDPH-tissue-segmentation/1018855-12-HE-DX1.png,DP500-COAD_READ-GDPH_P01/part2/1018855-12-HE-DX1-class.tiff,DP500-COAD_READ-GDPH_P01/part2/1018855-12-HE-DX1-instance.tiff,DP500-COAD_READ-GDPH_P01/part2/1018855-12-HE-DX1.tiff
tissue_seg@10x/GDPH-tissue-segmentation/GDPH-tissue-segmentation/1019388-9-HE-DX1.png,DP500-COAD_READ-GDPH_P01/part2/1019388-9-HE-DX1-class.tiff,DP500-COAD_READ-GDPH_P01/part2/1019388-9-HE-DX1-instance.tiff,DP500-COAD_READ-GDPH_P01/part2/1019388-9-HE-DX1.tiff
tissue_seg@10x/GDPH-tissue-segmentation/GDPH-tissue-segmentation/1021130-8-HE-DX1.png,DP500-COAD_READ-GDPH_P01/part2/1021130-8-HE-DX1-class.tiff,DP500-COAD_READ-GDPH_P01/part2/1021130-8-HE-DX1-instance.tiff,DP500-COAD_READ-GDPH_P01/part2/1021130-8-HE-DX1.tiff
tissue_seg@10x/GDPH-tissue-segmentation/GDPH-tissue-segmentation/1021158-14-HE-DX1.png,DP500-COAD_READ-GDPH_P01/part2/1021158-14-HE-DX1-class.tiff,DP500-COAD_READ-GDPH_P01/part2/1021158-14-HE-DX1-instance.tiff,DP500-COAD_READ-GDPH_P01/part2/1021158-14-HE-DX1.tiff
tissue_seg@10x/GDPH-tissue-segmentation/GDPH-tissue-segmentation/1021159-16-HE-DX1.png,DP500-COAD_READ-GDPH_P01/part2/1021159-16-HE-DX1-class.tiff,DP500-COAD_READ-GDPH_P01/part2/1021159-16-HE-DX1-instance.tiff,DP500-COAD_READ-GDPH_P01/part2/1021159-16-HE-DX1.tiff
tissue_seg@10x/GDPH-tissue-segmentation/GDPH-tissue-segmentation/1021160-15-HE-DX1.png,DP500-COAD_READ-GDPH_P01/part2/1021160-15-HE-DX1-class.tiff,DP500-COAD_READ-GDPH_P01/part2/1021160-15-HE-DX1-instance.tiff,DP500-COAD_READ-GDPH_P01/part2/1021160-15-HE-DX1.tiff
tissue_seg@10x/GDPH-tissue-segmentation/GDPH-tissue-segmentation/1021548-9-HE-DX1.png,DP500-COAD_READ-GDPH_P01/part2/1021548-9-HE-DX1-class.tiff,DP500-COAD_READ-GDPH_P01/part2/1021548-9-HE-DX1-instance.tiff,DP500-COAD_READ-GDPH_P01/part2/1021548-9-HE-DX1.tiff
tissue_seg@10x/GDPH-tissue-segmentation/GDPH-tissue-segmentation/1022014-12-HE-DX1.png,DP500-COAD_READ-GDPH_P01/part2/1022014-12-HE-DX1-class.tiff,DP500-COAD_READ-GDPH_P01/part2/1022014-12-HE-DX1-instance.tiff,DP500-COAD_READ-GDPH_P01/part2/1022014-12-HE-DX1.tiff
tissue_seg@10x/GDPH-tissue-segmentation/GDPH-tissue-segmentation/1022100-8-HE-DX1.png,DP500-COAD_READ-GDPH_P01/part2/1022100-8-HE-DX1-class.tiff,DP500-COAD_READ-GDPH_P01/part2/1022100-8-HE-DX1-instance.tiff,DP500-COAD_READ-GDPH_P01/part2/1022100-8-HE-DX1.tiff
tissue_seg@10x/GDPH-tissue-segmentation/GDPH-tissue-segmentation/1022345-17-HE-DX1.png,DP500-COAD_READ-GDPH_P01/part2/1022345-17-HE-DX1-class.tiff,DP500-COAD_READ-GDPH_P01/part2/1022345-17-HE-DX1-instance.tiff,DP500-COAD_READ-GDPH_P01/part2/1022345-17-HE-DX1.tiff
tissue_seg@10x/GDPH-tissue-segmentation/GDPH-tissue-segmentation/1022481-4-HE-DX1.png,DP500-COAD_READ-GDPH_P01/part2/1022481-4-HE-DX1-class.tiff,DP500-COAD_READ-GDPH_P01/part2/1022481-4-HE-DX1-instance.tiff,DP500-COAD_READ-GDPH_P01/part2/1022481-4-HE-DX1.tiff
tissue_seg@10x/GDPH-tissue-segmentation/GDPH-tissue-segmentation/1024613-12-HE-DX1.png,DP500-COAD_READ-GDPH_P01/part2/1024613-12-HE-DX1-class.tiff,DP500-COAD_READ-GDPH_P01/part2/1024613-12-HE-DX1-instance.tiff,DP500-COAD_READ-GDPH_P01/part2/1024613-12-HE-DX1.tiff
tissue_seg@10x/GDPH-tissue-segmentation/GDPH-tissue-segmentation/1024695-7-HE-DX1.png,DP500-COAD_READ-GDPH_P01/part2/1024695-7-HE-DX1-class.tiff,DP500-COAD_READ-GDPH_P01/part2/1024695-7-HE-DX1-instance.tiff,DP500-COAD_READ-GDPH_P01/part2/1024695-7-HE-DX1.tiff
tissue_seg@10x/GDPH-tissue-segmentation/GDPH-tissue-segmentation/1026825-10-HE-DX1.png,DP500-COAD_READ-GDPH_P01/part2/1026825-10-HE-DX1-class.tiff,DP500-COAD_READ-GDPH_P01/part2/1026825-10-HE-DX1-instance.tiff,DP500-COAD_READ-GDPH_P01/part2/1026825-10-HE-DX1.tiff
tissue_seg@10x/GDPH-tissue-segmentation/GDPH-tissue-segmentation/1027060-9-HE-DX1.png,DP500-COAD_READ-GDPH_P01/part2/1027060-9-HE-DX1-class.tiff,DP500-COAD_READ-GDPH_P01/part2/1027060-9-HE-DX1-instance.tiff,DP500-COAD_READ-GDPH_P01/part2/1027060-9-HE-DX1.tiff
tissue_seg@10x/GDPH-tissue-segmentation/GDPH-tissue-segmentation/1028220-11-HE-DX1.png,DP500-COAD_READ-GDPH_P01/part2/1028220-11-HE-DX1-class.tiff,DP500-COAD_READ-GDPH_P01/part2/1028220-11-HE-DX1-instance.tiff,DP500-COAD_READ-GDPH_P01/part2/1028220-11-HE-DX1.tiff
tissue_seg@10x/GDPH-tissue-segmentation/GDPH-tissue-segmentation/1028417-R1-HE-DX1.png,DP500-COAD_READ-GDPH_P01/part2/1028417-R1-HE-DX1-class.tiff,DP500-COAD_READ-GDPH_P01/part2/1028417-R1-HE-DX1-instance.tiff,DP500-COAD_READ-GDPH_P01/part2/1028417-R1-HE-DX1.tiff
tissue_seg@10x/GDPH-tissue-segmentation/GDPH-tissue-segmentation/1028709-6-HE-DX1.png,DP500-COAD_READ-GDPH_P01/part2/1028709-6-HE-DX1-class.tiff,DP500-COAD_READ-GDPH_P01/part2/1028709-6-HE-DX1-instance.tiff,DP500-COAD_READ-GDPH_P01/part2/1028709-6-HE-DX1.tiff
tissue_seg@10x/GDPH-tissue-segmentation/GDPH-tissue-segmentation/1029307-14-HE-DX1.png,DP500-COAD_READ-GDPH_P01/part2/1029307-14-HE-DX1-class.tiff,DP500-COAD_READ-GDPH_P01/part2/1029307-14-HE-DX1-instance.tiff,DP500-COAD_READ-GDPH_P01/part2/1029307-14-HE-DX1.tiff
tissue_seg@10x/GDPH-tissue-segmentation/GDPH-tissue-segmentation/1029706-13-HE-DX1.png,DP500-COAD_READ-GDPH_P01/part2/1029706-13-HE-DX1-class.tiff,DP500-COAD_READ-GDPH_P01/part2/1029706-13-HE-DX1-instance.tiff,DP500-COAD_READ-GDPH_P01/part2/1029706-13-HE-DX1.tiff
tissue_seg@10x/GDPH-tissue-segmentation/GDPH-tissue-segmentation/1030429-9-HE-DX1.png,DP500-COAD_READ-GDPH_P01/part2/1030429-9-HE-DX1-class.tiff,DP500-COAD_READ-GDPH_P01/part2/1030429-9-HE-DX1-instance.tiff,DP500-COAD_READ-GDPH_P01/part2/1030429-9-HE-DX1.tiff
tissue_seg@10x/GDPH-tissue-segmentation/GDPH-tissue-segmentation/1030608-8-HE-DX1.png,DP500-COAD_READ-GDPH_P01/part2/1030608-8-HE-DX1-class.tiff,DP500-COAD_READ-GDPH_P01/part2/1030608-8-HE-DX1-instance.tiff,DP500-COAD_READ-GDPH_P01/part2/1030608-8-HE-DX1.tiff
tissue_seg@10x/GDPH-tissue-segmentation/GDPH-tissue-segmentation/1031428-5-HE-DX1.png,DP500-COAD_READ-GDPH_P01/part2/1031428-5-HE-DX1-class.tiff,DP500-COAD_READ-GDPH_P01/part2/1031428-5-HE-DX1-instance.tiff,DP500-COAD_READ-GDPH_P01/part2/1031428-5-HE-DX1.tiff
tissue_seg@10x/GDPH-tissue-segmentation/GDPH-tissue-segmentation/1031732-13-HE-DX1.png,DP500-COAD_READ-GDPH_P01/part2/1031732-13-HE-DX1-class.tiff,DP500-COAD_READ-GDPH_P01/part2/1031732-13-HE-DX1-instance.tiff,DP500-COAD_READ-GDPH_P01/part2/1031732-13-HE-DX1.tiff
tissue_seg@10x/GDPH-tissue-segmentation/GDPH-tissue-segmentation/1032394-16-HE-DX1.png,DP500-COAD_READ-GDPH_P01/part2/1032394-16-HE-DX1-class.tiff,DP500-COAD_READ-GDPH_P01/part2/1032394-16-HE-DX1-instance.tiff,DP500-COAD_READ-GDPH_P01/part2/1032394-16-HE-DX1.tiff
tissue_seg@10x/GDPH-tissue-segmentation/GDPH-tissue-segmentation/1032831-10-HE-DX1.png,DP500-COAD_READ-GDPH_P01/part2/1032831-10-HE-DX1-class.tiff,DP500-COAD_READ-GDPH_P01/part2/1032831-10-HE-DX1-instance.tiff,DP500-COAD_READ-GDPH_P01/part2/1032831-10-HE-DX1.tiff
tissue_seg@10x/GDPH-tissue-segmentation/GDPH-tissue-segmentation/1033427-24-HE-DX1.png,DP500-COAD_READ-GDPH_P01/part2/1033427-24-HE-DX1-class.tiff,DP500-COAD_READ-GDPH_P01/part2/1033427-24-HE-DX1-instance.tiff,DP500-COAD_READ-GDPH_P01/part2/1033427-24-HE-DX1.tiff
tissue_seg@10x/GDPH-tissue-segmentation/GDPH-tissue-segmentation/1033438-7-HE-DX1.png,DP500-COAD_READ-GDPH_P01/part2/1033438-7-HE-DX1-class.tiff,DP500-COAD_READ-GDPH_P01/part2/1033438-7-HE-DX1-instance.tiff,DP500-COAD_READ-GDPH_P01/part2/1033438-7-HE-DX1.tiff
tissue_seg@10x/GDPH-tissue-segmentation/GDPH-tissue-segmentation/1033440-6-HE-DX1.png,DP500-COAD_READ-GDPH_P01/part2/1033440-6-HE-DX1-class.tiff,DP500-COAD_READ-GDPH_P01/part2/1033440-6-HE-DX1-instance.tiff,DP500-COAD_READ-GDPH_P01/part2/1033440-6-HE-DX1.tiff
tissue_seg@10x/GDPH-tissue-segmentation/GDPH-tissue-segmentation/1033746-12-HE-DX1.png,DP500-COAD_READ-GDPH_P01/part2/1033746-12-HE-DX1-class.tiff,DP500-COAD_READ-GDPH_P01/part2/1033746-12-HE-DX1-instance.tiff,DP500-COAD_READ-GDPH_P01/part2/1033746-12-HE-DX1.tiff
tissue_seg@10x/GDPH-tissue-segmentation/GDPH-tissue-segmentation/1033760-9-HE-DX1.png,DP500-COAD_READ-GDPH_P01/part2/1033760-9-HE-DX1-class.tiff,DP500-COAD_READ-GDPH_P01/part2/1033760-9-HE-DX1-instance.tiff,DP500-COAD_READ-GDPH_P01/part2/1033760-9-HE-DX1.tiff
tissue_seg@10x/GDPH-tissue-segmentation/GDPH-tissue-segmentation/1100724-12-HE-DX1.png,DP500-COAD_READ-GDPH_P01/part2/1100724-12-HE-DX1-class.tiff,DP500-COAD_READ-GDPH_P01/part2/1100724-12-HE-DX1-instance.tiff,DP500-COAD_READ-GDPH_P01/part2/1100724-12-HE-DX1.tiff
tissue_seg@10x/GDPH-tissue-segmentation/GDPH-tissue-segmentation/1101018-13-HE-DX1.png,DP500-COAD_READ-GDPH_P01/part2/1101018-13-HE-DX1-class.tiff,DP500-COAD_READ-GDPH_P01/part2/1101018-13-HE-DX1-instance.tiff,DP500-COAD_READ-GDPH_P01/part2/1101018-13-HE-DX1.tiff
tissue_seg@10x/GDPH-tissue-segmentation/GDPH-tissue-segmentation/1101155-7-HE-DX1.png,DP500-COAD_READ-GDPH_P01/part2/1101155-7-HE-DX1-class.tiff,DP500-COAD_READ-GDPH_P01/part2/1101155-7-HE-DX1-instance.tiff,DP500-COAD_READ-GDPH_P01/part2/1101155-7-HE-DX1.tiff
tissue_seg@10x/GDPH-tissue-segmentation/GDPH-tissue-segmentation/1101299-3-HE-DX1.png,DP500-COAD_READ-GDPH_P01/part2/1101299-3-HE-DX1-class.tiff,DP500-COAD_READ-GDPH_P01/part2/1101299-3-HE-DX1-instance.tiff,DP500-COAD_READ-GDPH_P01/part2/1101299-3-HE-DX1.tiff
tissue_seg@10x/GDPH-tissue-segmentation/GDPH-tissue-segmentation/1101550-5-HE-DX1.png,DP500-COAD_READ-GDPH_P01/part2/1101550-5-HE-DX1-class.tiff,DP500-COAD_READ-GDPH_P01/part2/1101550-5-HE-DX1-instance.tiff,DP500-COAD_READ-GDPH_P01/part2/1101550-5-HE-DX1.tiff
tissue_seg@10x/GDPH-tissue-segmentation/GDPH-tissue-segmentation/1101665-6-HE-DX1.png,DP500-COAD_READ-GDPH_P01/part2/1101665-6-HE-DX1-class.tiff,DP500-COAD_READ-GDPH_P01/part2/1101665-6-HE-DX1-instance.tiff,DP500-COAD_READ-GDPH_P01/part2/1101665-6-HE-DX1.tiff
tissue_seg@10x/GDPH-tissue-segmentation/GDPH-tissue-segmentation/1102386-11-HE-DX1.png,DP500-COAD_READ-GDPH_P01/part2/1102386-11-HE-DX1-class.tiff,DP500-COAD_READ-GDPH_P01/part2/1102386-11-HE-DX1-instance.tiff,DP500-COAD_READ-GDPH_P01/part2/1102386-11-HE-DX1.tiff
tissue_seg@10x/GDPH-tissue-segmentation/GDPH-tissue-segmentation/1102412-7-HE-DX1.png,DP500-COAD_READ-GDPH_P01/part2/1102412-7-HE-DX1-class.tiff,DP500-COAD_READ-GDPH_P01/part2/1102412-7-HE-DX1-instance.tiff,DP500-COAD_READ-GDPH_P01/part2/1102412-7-HE-DX1.tiff
tissue_seg@10x/GDPH-tissue-segmentation/GDPH-tissue-segmentation/1103466-14-HE-DX1.png,DP500-COAD_READ-GDPH_P01/part2/1103466-14-HE-DX1-class.tiff,DP500-COAD_READ-GDPH_P01/part2/1103466-14-HE-DX1-instance.tiff,DP500-COAD_READ-GDPH_P01/part2/1103466-14-HE-DX1.tiff
tissue_seg@10x/GDPH-tissue-segmentation/GDPH-tissue-segmentation/1104169-4-HE-DX1.png,DP500-COAD_READ-GDPH_P01/part2/1104169-4-HE-DX1-class.tiff,DP500-COAD_READ-GDPH_P01/part2/1104169-4-HE-DX1-instance.tiff,DP500-COAD_READ-GDPH_P01/part2/1104169-4-HE-DX1.tiff
tissue_seg@10x/GDPH-tissue-segmentation/GDPH-tissue-segmentation/1104565-4-HE-DX1.png,DP500-COAD_READ-GDPH_P01/part2/1104565-4-HE-DX1-class.tiff,DP500-COAD_READ-GDPH_P01/part2/1104565-4-HE-DX1-instance.tiff,DP500-COAD_READ-GDPH_P01/part2/1104565-4-HE-DX1.tiff
tissue_seg@10x/GDPH-tissue-segmentation/GDPH-tissue-segmentation/1104934-3-HE-DX1.png,DP500-COAD_READ-GDPH_P01/part2/1104934-3-HE-DX1-class.tiff,DP500-COAD_READ-GDPH_P01/part2/1104934-3-HE-DX1-instance.tiff,DP500-COAD_READ-GDPH_P01/part2/1104934-3-HE-DX1.tiff
tissue_seg@10x/GDPH-tissue-segmentation/GDPH-tissue-segmentation/1105404-6-HE-DX1.png,DP500-COAD_READ-GDPH_P01/part2/1105404-6-HE-DX1-class.tiff,DP500-COAD_READ-GDPH_P01/part2/1105404-6-HE-DX1-instance.tiff,DP500-COAD_READ-GDPH_P01/part2/1105404-6-HE-DX1.tiff
tissue_seg@10x/GDPH-tissue-segmentation/GDPH-tissue-segmentation/1105701-14-HE-DX1.png,DP500-COAD_READ-GDPH_P01/part2/1105701-14-HE-DX1-class.tiff,DP500-COAD_READ-GDPH_P01/part2/1105701-14-HE-DX1-instance.tiff,DP500-COAD_READ-GDPH_P01/part2/1105701-14-HE-DX1.tiff
tissue_seg@10x/GDPH-tissue-segmentation/GDPH-tissue-segmentation/1105751-14-HE-DX1.png,DP500-COAD_READ-GDPH_P01/part2/1105751-14-HE-DX1-class.tiff,DP500-COAD_READ-GDPH_P01/part2/1105751-14-HE-DX1-instance.tiff,DP500-COAD_READ-GDPH_P01/part2/1105751-14-HE-DX1.tiff
tissue_seg@10x/GDPH-tissue-segmentation/GDPH-tissue-segmentation/1105998-7-HE-DX1.png,DP500-COAD_READ-GDPH_P01/part2/1105998-7-HE-DX1-class.tiff,DP500-COAD_READ-GDPH_P01/part2/1105998-7-HE-DX1-instance.tiff,DP500-COAD_READ-GDPH_P01/part2/1105998-7-HE-DX1.tiff
tissue_seg@10x/GDPH-tissue-segmentation/GDPH-tissue-segmentation/1106176-5-HE-DX1.png,DP500-COAD_READ-GDPH_P01/part2/1106176-5-HE-DX1-class.tiff,DP500-COAD_READ-GDPH_P01/part2/1106176-5-HE-DX1-instance.tiff,DP500-COAD_READ-GDPH_P01/part2/1106176-5-HE-DX1.tiff
tissue_seg@10x/GDPH-tissue-segmentation/GDPH-tissue-segmentation/1106185-15-HE-DX1.png,DP500-COAD_READ-GDPH_P01/part2/1106185-15-HE-DX1-class.tiff,DP500-COAD_READ-GDPH_P01/part2/1106185-15-HE-DX1-instance.tiff,DP500-COAD_READ-GDPH_P01/part2/1106185-15-HE-DX1.tiff
tissue_seg@10x/GDPH-tissue-segmentation/GDPH-tissue-segmentation/1106344-10-HE-DX1.png,DP500-COAD_READ-GDPH_P01/part2/1106344-10-HE-DX1-class.tiff,DP500-COAD_READ-GDPH_P01/part2/1106344-10-HE-DX1-instance.tiff,DP500-COAD_READ-GDPH_P01/part2/1106344-10-HE-DX1.tiff
tissue_seg@10x/GDPH-tissue-segmentation/GDPH-tissue-segmentation/1106623-4-HE-DX1.png,DP500-COAD_READ-GDPH_P01/part2/1106623-4-HE-DX1-class.tiff,DP500-COAD_READ-GDPH_P01/part2/1106623-4-HE-DX1-instance.tiff,DP500-COAD_READ-GDPH_P01/part2/1106623-4-HE-DX1.tiff
tissue_seg@10x/GDPH-tissue-segmentation/GDPH-tissue-segmentation/1106995-17-HE-DX1.png,DP500-COAD_READ-GDPH_P01/part2/1106995-17-HE-DX1-class.tiff,DP500-COAD_READ-GDPH_P01/part2/1106995-17-HE-DX1-instance.tiff,DP500-COAD_READ-GDPH_P01/part2/1106995-17-HE-DX1.tiff
tissue_seg@10x/GDPH-tissue-segmentation/GDPH-tissue-segmentation/1107150-21-HE-DX1.png,DP500-COAD_READ-GDPH_P01/part2/1107150-21-HE-DX1-class.tiff,DP500-COAD_READ-GDPH_P01/part2/1107150-21-HE-DX1-instance.tiff,DP500-COAD_READ-GDPH_P01/part2/1107150-21-HE-DX1.tiff
tissue_seg@10x/GDPH-tissue-segmentation/GDPH-tissue-segmentation/1107437-7-HE-DX1.png,DP500-COAD_READ-GDPH_P01/part2/1107437-7-HE-DX1-class.tiff,DP500-COAD_READ-GDPH_P01/part2/1107437-7-HE-DX1-instance.tiff,DP500-COAD_READ-GDPH_P01/part2/1107437-7-HE-DX1.tiff
tissue_seg@10x/GDPH-tissue-segmentation/GDPH-tissue-segmentation/1107459-14-HE-DX1.png,DP500-COAD_READ-GDPH_P01/part2/1107459-14-HE-DX1-class.tiff,DP500-COAD_READ-GDPH_P01/part2/1107459-14-HE-DX1-instance.tiff,DP500-COAD_READ-GDPH_P01/part2/1107459-14-HE-DX1.tiff
tissue_seg@10x/GDPH-tissue-segmentation/GDPH-tissue-segmentation/1107785-12-HE-DX1.png,DP500-COAD_READ-GDPH_P01/part2/1107785-12-HE-DX1-class.tiff,DP500-COAD_READ-GDPH_P01/part2/1107785-12-HE-DX1-instance.tiff,DP500-COAD_READ-GDPH_P01/part2/1107785-12-HE-DX1.tiff
tissue_seg@10x/GDPH-tissue-segmentation/GDPH-tissue-segmentation/1107929-5-HE-DX1.png,DP500-COAD_READ-GDPH_P01/part2/1107929-5-HE-DX1-class.tiff,DP500-COAD_READ-GDPH_P01/part2/1107929-5-HE-DX1-instance.tiff,DP500-COAD_READ-GDPH_P01/part2/1107929-5-HE-DX1.tiff
tissue_seg@10x/GDPH-tissue-segmentation/GDPH-tissue-segmentation/1107934-10-HE-DX1.png,DP500-COAD_READ-GDPH_P01/part2/1107934-10-HE-DX1-class.tiff,DP500-COAD_READ-GDPH_P01/part2/1107934-10-HE-DX1-instance.tiff,DP500-COAD_READ-GDPH_P01/part2/1107934-10-HE-DX1.tiff
tissue_seg@10x/GDPH-tissue-segmentation/GDPH-tissue-segmentation/1108570-3-HE-DX1.png,DP500-COAD_READ-GDPH_P01/part2/1108570-3-HE-DX1-class.tiff,DP500-COAD_READ-GDPH_P01/part2/1108570-3-HE-DX1-instance.tiff,DP500-COAD_READ-GDPH_P01/part2/1108570-3-HE-DX1.tiff
tissue_seg@10x/GDPH-tissue-segmentation/GDPH-tissue-segmentation/1108620-3-HE-DX1.png,DP500-COAD_READ-GDPH_P01/part2/1108620-3-HE-DX1-class.tiff,DP500-COAD_READ-GDPH_P01/part2/1108620-3-HE-DX1-instance.tiff,DP500-COAD_READ-GDPH_P01/part2/1108620-3-HE-DX1.tiff
tissue_seg@10x/GDPH-tissue-segmentation/GDPH-tissue-segmentation/1109003-10-HE-DX1.png,DP500-COAD_READ-GDPH_P01/part2/1109003-10-HE-DX1-class.tiff,DP500-COAD_READ-GDPH_P01/part2/1109003-10-HE-DX1-instance.tiff,DP500-COAD_READ-GDPH_P01/part2/1109003-10-HE-DX1.tiff
tissue_seg@10x/GDPH-tissue-segmentation/GDPH-tissue-segmentation/1109003-R1-HE-DX1.png,DP500-COAD_READ-GDPH_P01/part2/1109003-R1-HE-DX1-class.tiff,DP500-COAD_READ-GDPH_P01/part2/1109003-R1-HE-DX1-instance.tiff,DP500-COAD_READ-GDPH_P01/part2/1109003-R1-HE-DX1.tiff
tissue_seg@10x/GDPH-tissue-segmentation/GDPH-tissue-segmentation/1109124-7-HE-DX1-S01.png,DP500-COAD_READ-GDPH_P01/part2/1109124-7-HE-DX1-S01-class.tiff,DP500-COAD_READ-GDPH_P01/part2/1109124-7-HE-DX1-S01-instance.tiff,DP500-COAD_READ-GDPH_P01/part2/1109124-7-HE-DX1-S01.tiff
tissue_seg@10x/GDPH-tissue-segmentation/GDPH-tissue-segmentation/1109124-7-HE-DX1-S02.png,DP500-COAD_READ-GDPH_P01/part2/1109124-7-HE-DX1-S02-class.tiff,DP500-COAD_READ-GDPH_P01/part2/1109124-7-HE-DX1-S02-instance.tiff,DP500-COAD_READ-GDPH_P01/part2/1109124-7-HE-DX1-S02.tiff
tissue_seg@10x/GDPH-tissue-segmentation/GDPH-tissue-segmentation/1109170-12-HE-DX1.png,DP500-COAD_READ-GDPH_P01/part2/1109170-12-HE-DX1-class.tiff,DP500-COAD_READ-GDPH_P01/part2/1109170-12-HE-DX1-instance.tiff,DP500-COAD_READ-GDPH_P01/part2/1109170-12-HE-DX1.tiff
tissue_seg@10x/GDPH-tissue-segmentation/GDPH-tissue-segmentation/1109292-11-HE-DX1.png,DP500-COAD_READ-GDPH_P01/part2/1109292-11-HE-DX1-class.tiff,DP500-COAD_READ-GDPH_P01/part2/1109292-11-HE-DX1-instance.tiff,DP500-COAD_READ-GDPH_P01/part2/1109292-11-HE-DX1.tiff
tissue_seg@10x/GDPH-tissue-segmentation/GDPH-tissue-segmentation/1109440-12-HE-DX1.png,DP500-COAD_READ-GDPH_P01/part2/1109440-12-HE-DX1-class.tiff,DP500-COAD_READ-GDPH_P01/part2/1109440-12-HE-DX1-instance.tiff,DP500-COAD_READ-GDPH_P01/part2/1109440-12-HE-DX1.tiff
tissue_seg@10x/GDPH-tissue-segmentation/GDPH-tissue-segmentation/1110120-13-HE-DX1.png,DP500-COAD_READ-GDPH_P01/part2/1110120-13-HE-DX1-class.tiff,DP500-COAD_READ-GDPH_P01/part2/1110120-13-HE-DX1-instance.tiff,DP500-COAD_READ-GDPH_P01/part2/1110120-13-HE-DX1.tiff
tissue_seg@10x/GDPH-tissue-segmentation/GDPH-tissue-segmentation/1110564-3-HE-DX1.png,DP500-COAD_READ-GDPH_P01/part2/1110564-3-HE-DX1-class.tiff,DP500-COAD_READ-GDPH_P01/part2/1110564-3-HE-DX1-instance.tiff,DP500-COAD_READ-GDPH_P01/part2/1110564-3-HE-DX1.tiff
tissue_seg@10x/GDPH-tissue-segmentation/GDPH-tissue-segmentation/1111024-3-HE-DX1.png,DP500-COAD_READ-GDPH_P01/part2/1111024-3-HE-DX1-class.tiff,DP500-COAD_READ-GDPH_P01/part2/1111024-3-HE-DX1-instance.tiff,DP500-COAD_READ-GDPH_P01/part2/1111024-3-HE-DX1.tiff
tissue_seg@10x/GDPH-tissue-segmentation/GDPH-tissue-segmentation/1111797-4-HE-DX1.png,DP500-COAD_READ-GDPH_P01/part2/1111797-4-HE-DX1-class.tiff,DP500-COAD_READ-GDPH_P01/part2/1111797-4-HE-DX1-instance.tiff,DP500-COAD_READ-GDPH_P01/part2/1111797-4-HE-DX1.tiff
tissue_seg@10x/GDPH-tissue-segmentation/GDPH-tissue-segmentation/1113030-5-HE-DX1.png,DP500-COAD_READ-GDPH_P01/part2/1113030-5-HE-DX1-class.tiff,DP500-COAD_READ-GDPH_P01/part2/1113030-5-HE-DX1-instance.tiff,DP500-COAD_READ-GDPH_P01/part2/1113030-5-HE-DX1.tiff
tissue_seg@10x/GDPH-tissue-segmentation/GDPH-tissue-segmentation/1113869-7-HE-DX1.png,DP500-COAD_READ-GDPH_P01/part2/1113869-7-HE-DX1-class.tiff,DP500-COAD_READ-GDPH_P01/part2/1113869-7-HE-DX1-instance.tiff,DP500-COAD_READ-GDPH_P01/part2/1113869-7-HE-DX1.tiff
tissue_seg@10x/GDPH-tissue-segmentation/GDPH-tissue-segmentation/1114421-4-HE-DX1.png,DP500-COAD_READ-GDPH_P01/part2/1114421-4-HE-DX1-class.tiff,DP500-COAD_READ-GDPH_P01/part2/1114421-4-HE-DX1-instance.tiff,DP500-COAD_READ-GDPH_P01/part2/1114421-4-HE-DX1.tiff
tissue_seg@10x/GDPH-tissue-segmentation/GDPH-tissue-segmentation/1114546-16-HE-DX1.png,DP500-COAD_READ-GDPH_P01/part2/1114546-16-HE-DX1-class.tiff,DP500-COAD_READ-GDPH_P01/part2/1114546-16-HE-DX1-instance.tiff,DP500-COAD_READ-GDPH_P01/part2/1114546-16-HE-DX1.tiff
tissue_seg@10x/GDPH-tissue-segmentation/GDPH-tissue-segmentation/1114944-3-HE-DX1.png,DP500-COAD_READ-GDPH_P01/part2/1114944-3-HE-DX1-class.tiff,DP500-COAD_READ-GDPH_P01/part2/1114944-3-HE-DX1-instance.tiff,DP500-COAD_READ-GDPH_P01/part2/1114944-3-HE-DX1.tiff
tissue_seg@10x/GDPH-tissue-segmentation/GDPH-tissue-segmentation/1115042-8-HE-DX1.png,DP500-COAD_READ-GDPH_P01/part2/1115042-8-HE-DX1-class.tiff,DP500-COAD_READ-GDPH_P01/part2/1115042-8-HE-DX1-instance.tiff,DP500-COAD_READ-GDPH_P01/part2/1115042-8-HE-DX1.tiff
tissue_seg@10x/GDPH-tissue-segmentation/GDPH-tissue-segmentation/1115077-7-HE-DX1.png,DP500-COAD_READ-GDPH_P01/part2/1115077-7-HE-DX1-class.tiff,DP500-COAD_READ-GDPH_P01/part2/1115077-7-HE-DX1-instance.tiff,DP500-COAD_READ-GDPH_P01/part2/1115077-7-HE-DX1.tiff
tissue_seg@10x/GDPH-tissue-segmentation/GDPH-tissue-segmentation/1115078-9-HE-DX1.png,DP500-COAD_READ-GDPH_P01/part2/1115078-9-HE-DX1-class.tiff,DP500-COAD_READ-GDPH_P01/part2/1115078-9-HE-DX1-instance.tiff,DP500-COAD_READ-GDPH_P01/part2/1115078-9-HE-DX1.tiff
tissue_seg@10x/GDPH-tissue-segmentation/GDPH-tissue-segmentation/1115447-3-HE-DX1.png,DP500-COAD_READ-GDPH_P01/part2/1115447-3-HE-DX1-class.tiff,DP500-COAD_READ-GDPH_P01/part2/1115447-3-HE-DX1-instance.tiff,DP500-COAD_READ-GDPH_P01/part2/1115447-3-HE-DX1.tiff
tissue_seg@10x/GDPH-tissue-segmentation/GDPH-tissue-segmentation/1115574-10-HE-DX1.png,DP500-COAD_READ-GDPH_P01/part2/1115574-10-HE-DX1-class.tiff,DP500-COAD_READ-GDPH_P01/part2/1115574-10-HE-DX1-instance.tiff,DP500-COAD_READ-GDPH_P01/part2/1115574-10-HE-DX1.tiff
tissue_seg@10x/GDPH-tissue-segmentation/GDPH-tissue-segmentation/1116199-7-HE-DX1.png,DP500-COAD_READ-GDPH_P01/part2/1116199-7-HE-DX1-class.tiff,DP500-COAD_READ-GDPH_P01/part2/1116199-7-HE-DX1-instance.tiff,DP500-COAD_READ-GDPH_P01/part2/1116199-7-HE-DX1.tiff
tissue_seg@10x/GDPH-tissue-segmentation/GDPH-tissue-segmentation/1116531-6-HE-DX1.png,DP500-COAD_READ-GDPH_P01/part2/1116531-6-HE-DX1-class.tiff,DP500-COAD_READ-GDPH_P01/part2/1116531-6-HE-DX1-instance.tiff,DP500-COAD_READ-GDPH_P01/part2/1116531-6-HE-DX1.tiff
tissue_seg@10x/GDPH-tissue-segmentation/GDPH-tissue-segmentation/1118159-8-HE-DX1.png,DP500-COAD_READ-GDPH_P01/part2/1118159-8-HE-DX1-class.tiff,DP500-COAD_READ-GDPH_P01/part2/1118159-8-HE-DX1-instance.tiff,DP500-COAD_READ-GDPH_P01/part2/1118159-8-HE-DX1.tiff
tissue_seg@10x/GDPH-tissue-segmentation/GDPH-tissue-segmentation/1118563-5-HE-DX1.png,DP500-COAD_READ-GDPH_P01/part2/1118563-5-HE-DX1-class.tiff,DP500-COAD_READ-GDPH_P01/part2/1118563-5-HE-DX1-instance.tiff,DP500-COAD_READ-GDPH_P01/part2/1118563-5-HE-DX1.tiff
tissue_seg@10x/GDPH-tissue-segmentation/GDPH-tissue-segmentation/1118661-7-HE-DX1.png,DP500-COAD_READ-GDPH_P01/part2/1118661-7-HE-DX1-class.tiff,DP500-COAD_READ-GDPH_P01/part2/1118661-7-HE-DX1-instance.tiff,DP500-COAD_READ-GDPH_P01/part2/1118661-7-HE-DX1.tiff
tissue_seg@10x/GDPH-tissue-segmentation/GDPH-tissue-segmentation/1119050-3-HE-DX1.png,DP500-COAD_READ-GDPH_P01/part2/1119050-3-HE-DX1-class.tiff,DP500-COAD_READ-GDPH_P01/part2/1119050-3-HE-DX1-instance.tiff,DP500-COAD_READ-GDPH_P01/part2/1119050-3-HE-DX1.tiff
tissue_seg@10x/GDPH-tissue-segmentation/GDPH-tissue-segmentation/1119755-3-HE-DX1.png,DP500-COAD_READ-GDPH_P01/part2/1119755-3-HE-DX1-class.tiff,DP500-COAD_READ-GDPH_P01/part2/1119755-3-HE-DX1-instance.tiff,DP500-COAD_READ-GDPH_P01/part2/1119755-3-HE-DX1.tiff
tissue_seg@10x/GDPH-tissue-segmentation/GDPH-tissue-segmentation/1120598-10-HE-DX1.png,DP500-COAD_READ-GDPH_P01/part2/1120598-10-HE-DX1-class.tiff,DP500-COAD_READ-GDPH_P01/part2/1120598-10-HE-DX1-instance.tiff,DP500-COAD_READ-GDPH_P01/part2/1120598-10-HE-DX1.tiff
tissue_seg@10x/GDPH-tissue-segmentation/GDPH-tissue-segmentation/1120755-3-HE-DX1.png,DP500-COAD_READ-GDPH_P01/part2/1120755-3-HE-DX1-class.tiff,DP500-COAD_READ-GDPH_P01/part2/1120755-3-HE-DX1-instance.tiff,DP500-COAD_READ-GDPH_P01/part2/1120755-3-HE-DX1.tiff
tissue_seg@10x/GDPH-tissue-segmentation/GDPH-tissue-segmentation/1121105-3-HE-DX1.png,DP500-COAD_READ-GDPH_P01/part2/1121105-3-HE-DX1-class.tiff,DP500-COAD_READ-GDPH_P01/part2/1121105-3-HE-DX1-instance.tiff,DP500-COAD_READ-GDPH_P01/part2/1121105-3-HE-DX1.tiff
tissue_seg@10x/GDPH-tissue-segmentation/GDPH-tissue-segmentation/1121380-21-HE-DX1.png,DP500-COAD_READ-GDPH_P01/part2/1121380-21-HE-DX1-class.tiff,DP500-COAD_READ-GDPH_P01/part2/1121380-21-HE-DX1-instance.tiff,DP500-COAD_READ-GDPH_P01/part2/1121380-21-HE-DX1.tiff
tissue_seg@10x/GDPH-tissue-segmentation/GDPH-tissue-segmentation/1122657-10-HE-DX1.png,DP500-COAD_READ-GDPH_P01/part2/1122657-10-HE-DX1-class.tiff,DP500-COAD_READ-GDPH_P01/part2/1122657-10-HE-DX1-instance.tiff,DP500-COAD_READ-GDPH_P01/part2/1122657-10-HE-DX1.tiff
tissue_seg@10x/GDPH-tissue-segmentation/GDPH-tissue-segmentation/1123947-8-HE-DX1.png,DP500-COAD_READ-GDPH_P01/part2/1123947-8-HE-DX1-class.tiff,DP500-COAD_READ-GDPH_P01/part2/1123947-8-HE-DX1-instance.tiff,DP500-COAD_READ-GDPH_P01/part2/1123947-8-HE-DX1.tiff
tissue_seg@10x/GDPH-tissue-segmentation/GDPH-tissue-segmentation/1124562-5-HE-DX1.png,DP500-COAD_READ-GDPH_P01/part2/1124562-5-HE-DX1-class.tiff,DP500-COAD_READ-GDPH_P01/part2/1124562-5-HE-DX1-instance.tiff,DP500-COAD_READ-GDPH_P01/part2/1124562-5-HE-DX1.tiff
tissue_seg@10x/GDPH-tissue-segmentation/GDPH-tissue-segmentation/1125020-11-HE-DX1.png,DP500-COAD_READ-GDPH_P01/part2/1125020-11-HE-DX1-class.tiff,DP500-COAD_READ-GDPH_P01/part2/1125020-11-HE-DX1-instance.tiff,DP500-COAD_READ-GDPH_P01/part2/1125020-11-HE-DX1.tiff
tissue_seg@10x/GDPH-tissue-segmentation/GDPH-tissue-segmentation/1125181-8-HE-DX1.png,DP500-COAD_READ-GDPH_P01/part2/1125181-8-HE-DX1-class.tiff,DP500-COAD_READ-GDPH_P01/part2/1125181-8-HE-DX1-instance.tiff,DP500-COAD_READ-GDPH_P01/part2/1125181-8-HE-DX1.tiff
tissue_seg@10x/GDPH-tissue-segmentation/GDPH-tissue-segmentation/1125312-9-HE-DX1.png,DP500-COAD_READ-GDPH_P01/part2/1125312-9-HE-DX1-class.tiff,DP500-COAD_READ-GDPH_P01/part2/1125312-9-HE-DX1-instance.tiff,DP500-COAD_READ-GDPH_P01/part2/1125312-9-HE-DX1.tiff
tissue_seg@10x/GDPH-tissue-segmentation/GDPH-tissue-segmentation/1125672-11-HE-DX1.png,DP500-COAD_READ-GDPH_P01/part2/1125672-11-HE-DX1-class.tiff,DP500-COAD_READ-GDPH_P01/part2/1125672-11-HE-DX1-instance.tiff,DP500-COAD_READ-GDPH_P01/part2/1125672-11-HE-DX1.tiff
tissue_seg@10x/GDPH-tissue-segmentation/GDPH-tissue-segmentation/1126688-9-HE-DX1.png,DP500-COAD_READ-GDPH_P01/part2/1126688-9-HE-DX1-class.tiff,DP500-COAD_READ-GDPH_P01/part2/1126688-9-HE-DX1-instance.tiff,DP500-COAD_READ-GDPH_P01/part2/1126688-9-HE-DX1.tiff
tissue_seg@10x/GDPH-tissue-segmentation/GDPH-tissue-segmentation/1128668-11-HE-DX1.png,DP500-COAD_READ-GDPH_P01/part2/1128668-11-HE-DX1-class.tiff,DP500-COAD_READ-GDPH_P01/part2/1128668-11-HE-DX1-instance.tiff,DP500-COAD_READ-GDPH_P01/part2/1128668-11-HE-DX1.tiff
tissue_seg@10x/GDPH-tissue-segmentation/GDPH-tissue-segmentation/1128880-3-HE-DX1.png,DP500-COAD_READ-GDPH_P01/part2/1128880-3-HE-DX1-class.tiff,DP500-COAD_READ-GDPH_P01/part2/1128880-3-HE-DX1-instance.tiff,DP500-COAD_READ-GDPH_P01/part2/1128880-3-HE-DX1.tiff
tissue_seg@10x/GDPH-tissue-segmentation/GDPH-tissue-segmentation/1129068-13-HE-DX1.png,DP500-COAD_READ-GDPH_P01/part2/1129068-13-HE-DX1-class.tiff,DP500-COAD_READ-GDPH_P01/part2/1129068-13-HE-DX1-instance.tiff,DP500-COAD_READ-GDPH_P01/part2/1129068-13-HE-DX1.tiff
tissue_seg@10x/GDPH-tissue-segmentation/GDPH-tissue-segmentation/1129953-3-HE-DX1.png,DP500-COAD_READ-GDPH_P01/part2/1129953-3-HE-DX1-class.tiff,DP500-COAD_READ-GDPH_P01/part2/1129953-3-HE-DX1-instance.tiff,DP500-COAD_READ-GDPH_P01/part2/1129953-3-HE-DX1.tiff
tissue_seg@10x/GDPH-tissue-segmentation/GDPH-tissue-segmentation/1129996-5-HE-DX1.png,DP500-COAD_READ-GDPH_P01/part2/1129996-5-HE-DX1-class.tiff,DP500-COAD_READ-GDPH_P01/part2/1129996-5-HE-DX1-instance.tiff,DP500-COAD_READ-GDPH_P01/part2/1129996-5-HE-DX1.tiff
tissue_seg@10x/GDPH-tissue-segmentation/GDPH-tissue-segmentation/1130192-8-HE-DX1.png,DP500-COAD_READ-GDPH_P01/part2/1130192-8-HE-DX1-class.tiff,DP500-COAD_READ-GDPH_P01/part2/1130192-8-HE-DX1-instance.tiff,DP500-COAD_READ-GDPH_P01/part2/1130192-8-HE-DX1.tiff
tissue_seg@10x/GDPH-tissue-segmentation/GDPH-tissue-segmentation/1130725-11-HE-DX1.png,DP500-COAD_READ-GDPH_P01/part2/1130725-11-HE-DX1-class.tiff,DP500-COAD_READ-GDPH_P01/part2/1130725-11-HE-DX1-instance.tiff,DP500-COAD_READ-GDPH_P01/part2/1130725-11-HE-DX1.tiff
tissue_seg@10x/GDPH-tissue-segmentation/GDPH-tissue-segmentation/1130823-13-HE-DX1.png,DP500-COAD_READ-GDPH_P01/part2/1130823-13-HE-DX1-class.tiff,DP500-COAD_READ-GDPH_P01/part2/1130823-13-HE-DX1-instance.tiff,DP500-COAD_READ-GDPH_P01/part2/1130823-13-HE-DX1.tiff
tissue_seg@10x/GDPH-tissue-segmentation/GDPH-tissue-segmentation/1130894-5-HE-DX1.png,DP500-COAD_READ-GDPH_P01/part2/1130894-5-HE-DX1-class.tiff,DP500-COAD_READ-GDPH_P01/part2/1130894-5-HE-DX1-instance.tiff,DP500-COAD_READ-GDPH_P01/part2/1130894-5-HE-DX1.tiff
tissue_seg@10x/GDPH-tissue-segmentation/GDPH-tissue-segmentation/1131336-3-HE-DX1.png,DP500-COAD_READ-GDPH_P01/part2/1131336-3-HE-DX1-class.tiff,DP500-COAD_READ-GDPH_P01/part2/1131336-3-HE-DX1-instance.tiff,DP500-COAD_READ-GDPH_P01/part2/1131336-3-HE-DX1.tiff
tissue_seg@10x/GDPH-tissue-segmentation/GDPH-tissue-segmentation/1131787-5-HE-DX1.png,DP500-COAD_READ-GDPH_P01/part2/1131787-5-HE-DX1-class.tiff,DP500-COAD_READ-GDPH_P01/part2/1131787-5-HE-DX1-instance.tiff,DP500-COAD_READ-GDPH_P01/part2/1131787-5-HE-DX1.tiff
tissue_seg@10x/GDPH-tissue-segmentation/GDPH-tissue-segmentation/1131797-R1-HE-DX1.png,DP500-COAD_READ-GDPH_P01/part2/1131797-R1-HE-DX1-class.tiff,DP500-COAD_READ-GDPH_P01/part2/1131797-R1-HE-DX1-instance.tiff,DP500-COAD_READ-GDPH_P01/part2/1131797-R1-HE-DX1.tiff
tissue_seg@10x/GDPH-tissue-segmentation/GDPH-tissue-segmentation/1132975-6-HE-DX1.png,DP500-COAD_READ-GDPH_P01/part2/1132975-6-HE-DX1-class.tiff,DP500-COAD_READ-GDPH_P01/part2/1132975-6-HE-DX1-instance.tiff,DP500-COAD_READ-GDPH_P01/part2/1132975-6-HE-DX1.tiff
tissue_seg@10x/GDPH-tissue-segmentation/GDPH-tissue-segmentation/1133067-6-HE-DX1.png,DP500-COAD_READ-GDPH_P01/part2/1133067-6-HE-DX1-class.tiff,DP500-COAD_READ-GDPH_P01/part2/1133067-6-HE-DX1-instance.tiff,DP500-COAD_READ-GDPH_P01/part2/1133067-6-HE-DX1.tiff
tissue_seg@10x/GDPH-tissue-segmentation/GDPH-tissue-segmentation/1133314-9-HE-DX1.png,DP500-COAD_READ-GDPH_P01/part2/1133314-9-HE-DX1-class.tiff,DP500-COAD_READ-GDPH_P01/part2/1133314-9-HE-DX1-instance.tiff,DP500-COAD_READ-GDPH_P01/part2/1133314-9-HE-DX1.tiff
tissue_seg@10x/GDPH-tissue-segmentation/GDPH-tissue-segmentation/1134020-11-HE-DX1.png,DP500-COAD_READ-GDPH_P01/part2/1134020-11-HE-DX1-class.tiff,DP500-COAD_READ-GDPH_P01/part2/1134020-11-HE-DX1-instance.tiff,DP500-COAD_READ-GDPH_P01/part2/1134020-11-HE-DX1.tiff
tissue_seg@10x/GDPH-tissue-segmentation/GDPH-tissue-segmentation/1134023-3-HE-DX1.png,DP500-COAD_READ-GDPH_P01/part2/1134023-3-HE-DX1-class.tiff,DP500-COAD_READ-GDPH_P01/part2/1134023-3-HE-DX1-instance.tiff,DP500-COAD_READ-GDPH_P01/part2/1134023-3-HE-DX1.tiff
tissue_seg@10x/GDPH-tissue-segmentation/GDPH-tissue-segmentation/1134055-9-HE-DX1.png,DP500-COAD_READ-GDPH_P01/part2/1134055-9-HE-DX1-class.tiff,DP500-COAD_READ-GDPH_P01/part2/1134055-9-HE-DX1-instance.tiff,DP500-COAD_READ-GDPH_P01/part2/1134055-9-HE-DX1.tiff
tissue_seg@10x/GDPH-tissue-segmentation/GDPH-tissue-segmentation/1134601-16-HE-DX1.png,DP500-COAD_READ-GDPH_P01/part2/1134601-16-HE-DX1-class.tiff,DP500-COAD_READ-GDPH_P01/part2/1134601-16-HE-DX1-instance.tiff,DP500-COAD_READ-GDPH_P01/part2/1134601-16-HE-DX1.tiff
tissue_seg@10x/GDPH-tissue-segmentation/GDPH-tissue-segmentation/1136163-5-HE-DX1.png,DP500-COAD_READ-GDPH_P01/part2/1136163-5-HE-DX1-class.tiff,DP500-COAD_READ-GDPH_P01/part2/1136163-5-HE-DX1-instance.tiff,DP500-COAD_READ-GDPH_P01/part2/1136163-5-HE-DX1.tiff
tissue_seg@10x/GDPH-tissue-segmentation/GDPH-tissue-segmentation/1136193-5-HE-DX1.png,DP500-COAD_READ-GDPH_P01/part2/1136193-5-HE-DX1-class.tiff,DP500-COAD_READ-GDPH_P01/part2/1136193-5-HE-DX1-instance.tiff,DP500-COAD_READ-GDPH_P01/part2/1136193-5-HE-DX1.tiff
tissue_seg@10x/GDPH-tissue-segmentation/GDPH-tissue-segmentation/1136366-13-HE-DX1.png,DP500-COAD_READ-GDPH_P01/part2/1136366-13-HE-DX1-class.tiff,DP500-COAD_READ-GDPH_P01/part2/1136366-13-HE-DX1-instance.tiff,DP500-COAD_READ-GDPH_P01/part2/1136366-13-HE-DX1.tiff
tissue_seg@10x/GDPH-tissue-segmentation/GDPH-tissue-segmentation/1202596-9-HE-DX1.png,DP500-COAD_READ-GDPH_P01/part2/1202596-9-HE-DX1-class.tiff,DP500-COAD_READ-GDPH_P01/part2/1202596-9-HE-DX1-instance.tiff,DP500-COAD_READ-GDPH_P01/part2/1202596-9-HE-DX1.tiff
tissue_seg@10x/GDPH-tissue-segmentation/GDPH-tissue-segmentation/1206498-13-HE-DX1.png,DP500-COAD_READ-GDPH_P01/part2/1206498-13-HE-DX1-class.tiff,DP500-COAD_READ-GDPH_P01/part2/1206498-13-HE-DX1-instance.tiff,DP500-COAD_READ-GDPH_P01/part2/1206498-13-HE-DX1.tiff
tissue_seg@10x/GDPH-tissue-segmentation/GDPH-tissue-segmentation/1208000-3-HE-DX1.png,DP500-COAD_READ-GDPH_P01/part2/1208000-3-HE-DX1-class.tiff,DP500-COAD_READ-GDPH_P01/part2/1208000-3-HE-DX1-instance.tiff,DP500-COAD_READ-GDPH_P01/part2/1208000-3-HE-DX1.tiff
tissue_seg@10x/GDPH-tissue-segmentation/GDPH-tissue-segmentation/1209209-4-HE-DX1.png,DP500-COAD_READ-GDPH_P01/part2/1209209-4-HE-DX1-class.tiff,DP500-COAD_READ-GDPH_P01/part2/1209209-4-HE-DX1-instance.tiff,DP500-COAD_READ-GDPH_P01/part2/1209209-4-HE-DX1.tiff
tissue_seg@10x/GDPH-tissue-segmentation/GDPH-tissue-segmentation/1209448-3-HE-DX1.png,DP500-COAD_READ-GDPH_P01/part2/1209448-3-HE-DX1-class.tiff,DP500-COAD_READ-GDPH_P01/part2/1209448-3-HE-DX1-instance.tiff,DP500-COAD_READ-GDPH_P01/part2/1209448-3-HE-DX1.tiff
tissue_seg@10x/GDPH-tissue-segmentation/GDPH-tissue-segmentation/1209483-4-HE-DX1.png,DP500-COAD_READ-GDPH_P01/part2/1209483-4-HE-DX1-class.tiff,DP500-COAD_READ-GDPH_P01/part2/1209483-4-HE-DX1-instance.tiff,DP500-COAD_READ-GDPH_P01/part2/1209483-4-HE-DX1.tiff
tissue_seg@10x/GDPH-tissue-segmentation/GDPH-tissue-segmentation/1210332-15-HE-DX1.png,DP500-COAD_READ-GDPH_P01/part2/1210332-15-HE-DX1-class.tiff,DP500-COAD_READ-GDPH_P01/part2/1210332-15-HE-DX1-instance.tiff,DP500-COAD_READ-GDPH_P01/part2/1210332-15-HE-DX1.tiff
tissue_seg@10x/GDPH-tissue-segmentation/GDPH-tissue-segmentation/1211580-7-HE-DX1.png,DP500-COAD_READ-GDPH_P01/part2/1211580-7-HE-DX1-class.tiff,DP500-COAD_READ-GDPH_P01/part2/1211580-7-HE-DX1-instance.tiff,DP500-COAD_READ-GDPH_P01/part2/1211580-7-HE-DX1.tiff
tissue_seg@10x/GDPH-tissue-segmentation/GDPH-tissue-segmentation/1212545-12-HE-DX1.png,DP500-COAD_READ-GDPH_P01/part2/1212545-12-HE-DX1-class.tiff,DP500-COAD_READ-GDPH_P01/part2/1212545-12-HE-DX1-instance.tiff,DP500-COAD_READ-GDPH_P01/part2/1212545-12-HE-DX1.tiff
tissue_seg@10x/GDPH-tissue-segmentation/GDPH-tissue-segmentation/1214586-15-HE-DX1.png,DP500-COAD_READ-GDPH_P01/part2/1214586-15-HE-DX1-class.tiff,DP500-COAD_READ-GDPH_P01/part2/1214586-15-HE-DX1-instance.tiff,DP500-COAD_READ-GDPH_P01/part2/1214586-15-HE-DX1.tiff
tissue_seg@10x/GDPH-tissue-segmentation/GDPH-tissue-segmentation/1218063-5-HE-DX1.png,DP500-COAD_READ-GDPH_P01/part2/1218063-5-HE-DX1-class.tiff,DP500-COAD_READ-GDPH_P01/part2/1218063-5-HE-DX1-instance.tiff,DP500-COAD_READ-GDPH_P01/part2/1218063-5-HE-DX1.tiff
tissue_seg@10x/GDPH-tissue-segmentation/GDPH-tissue-segmentation/1218079-9-HE-DX1.png,DP500-COAD_READ-GDPH_P01/part2/1218079-9-HE-DX1-class.tiff,DP500-COAD_READ-GDPH_P01/part2/1218079-9-HE-DX1-instance.tiff,DP500-COAD_READ-GDPH_P01/part2/1218079-9-HE-DX1.tiff
tissue_seg@10x/GDPH-tissue-segmentation/GDPH-tissue-segmentation/1219749-11-HE-DX1.png,DP500-COAD_READ-GDPH_P01/part2/1219749-11-HE-DX1-class.tiff,DP500-COAD_READ-GDPH_P01/part2/1219749-11-HE-DX1-instance.tiff,DP500-COAD_READ-GDPH_P01/part2/1219749-11-HE-DX1.tiff
tissue_seg@10x/GDPH-tissue-segmentation/GDPH-tissue-segmentation/1220056-7-HE-DX1.png,DP500-COAD_READ-GDPH_P01/part2/1220056-7-HE-DX1-class.tiff,DP500-COAD_READ-GDPH_P01/part2/1220056-7-HE-DX1-instance.tiff,DP500-COAD_READ-GDPH_P01/part2/1220056-7-HE-DX1.tiff
tissue_seg@10x/GDPH-tissue-segmentation/GDPH-tissue-segmentation/1222406-3-HE-DX1.png,DP500-COAD_READ-GDPH_P01/part2/1222406-3-HE-DX1-class.tiff,DP500-COAD_READ-GDPH_P01/part2/1222406-3-HE-DX1-instance.tiff,DP500-COAD_READ-GDPH_P01/part2/1222406-3-HE-DX1.tiff
tissue_seg@10x/GDPH-tissue-segmentation/GDPH-tissue-segmentation/1227762-11-HE-DX1.png,DP500-COAD_READ-GDPH_P01/part2/1227762-11-HE-DX1-class.tiff,DP500-COAD_READ-GDPH_P01/part2/1227762-11-HE-DX1-instance.tiff,DP500-COAD_READ-GDPH_P01/part2/1227762-11-HE-DX1.tiff
tissue_seg@10x/GDPH-tissue-segmentation/GDPH-tissue-segmentation/1228307-4-HE-DX1.png,DP500-COAD_READ-GDPH_P01/part2/1228307-4-HE-DX1-class.tiff,DP500-COAD_READ-GDPH_P01/part2/1228307-4-HE-DX1-instance.tiff,DP500-COAD_READ-GDPH_P01/part2/1228307-4-HE-DX1.tiff
tissue_seg@10x/GDPH-tissue-segmentation/GDPH-tissue-segmentation/1229035-7-HE-DX1.png,DP500-COAD_READ-GDPH_P01/part2/1229035-7-HE-DX1-class.tiff,DP500-COAD_READ-GDPH_P01/part2/1229035-7-HE-DX1-instance.tiff,DP500-COAD_READ-GDPH_P01/part2/1229035-7-HE-DX1.tiff
tissue_seg@10x/GDPH-tissue-segmentation/GDPH-tissue-segmentation/1229867-3-HE-DX1.png,DP500-COAD_READ-GDPH_P01/part2/1229867-3-HE-DX1-class.tiff,DP500-COAD_READ-GDPH_P01/part2/1229867-3-HE-DX1-instance.tiff,DP500-COAD_READ-GDPH_P01/part2/1229867-3-HE-DX1.tiff
tissue_seg@10x/GDPH-tissue-segmentation/GDPH-tissue-segmentation/1230821-8-HE-DX1.png,DP500-COAD_READ-GDPH_P01/part2/1230821-8-HE-DX1-class.tiff,DP500-COAD_READ-GDPH_P01/part2/1230821-8-HE-DX1-instance.tiff,DP500-COAD_READ-GDPH_P01/part2/1230821-8-HE-DX1.tiff
tissue_seg@10x/GDPH-tissue-segmentation/GDPH-tissue-segmentation/1231890-8-HE-DX1.png,DP500-COAD_READ-GDPH_P01/part2/1231890-8-HE-DX1-class.tiff,DP500-COAD_READ-GDPH_P01/part2/1231890-8-HE-DX1-instance.tiff,DP500-COAD_READ-GDPH_P01/part2/1231890-8-HE-DX1.tiff
tissue_seg@10x/GDPH-tissue-segmentation/GDPH-tissue-segmentation/1237355-NA-HE-DX1.png,DP500-COAD_READ-GDPH_P01/part2/1237355-NA-HE-DX1-class.tiff,DP500-COAD_READ-GDPH_P01/part2/1237355-NA-HE-DX1-instance.tiff,DP500-COAD_READ-GDPH_P01/part2/1237355-NA-HE-DX1.tiff
tissue_seg@10x/GDPH-tissue-segmentation/GDPH-tissue-segmentation/1239215-NA-HE-DX1.png,DP500-COAD_READ-GDPH_P01/part2/1239215-NA-HE-DX1-class.tiff,DP500-COAD_READ-GDPH_P01/part2/1239215-NA-HE-DX1-instance.tiff,DP500-COAD_READ-GDPH_P01/part2/1239215-NA-HE-DX1.tiff
tissue_seg@10x/GDPH-tissue-segmentation/GDPH-tissue-segmentation/1239325-9-HE-DX1.png,DP500-COAD_READ-GDPH_P01/part2/1239325-9-HE-DX1-class.tiff,DP500-COAD_READ-GDPH_P01/part2/1239325-9-HE-DX1-instance.tiff,DP500-COAD_READ-GDPH_P01/part2/1239325-9-HE-DX1.tiff
tissue_seg@10x/GDPH-tissue-segmentation/GDPH-tissue-segmentation/1240239-20-HE-DX1.png,DP500-COAD_READ-GDPH_P01/part2/1240239-20-HE-DX1-class.tiff,DP500-COAD_READ-GDPH_P01/part2/1240239-20-HE-DX1-instance.tiff,DP500-COAD_READ-GDPH_P01/part2/1240239-20-HE-DX1.tiff
tissue_seg@10x/GDPH-tissue-segmentation/GDPH-tissue-segmentation/1240749-7-HE-DX1.png,DP500-COAD_READ-GDPH_P01/part2/1240749-7-HE-DX1-class.tiff,DP500-COAD_READ-GDPH_P01/part2/1240749-7-HE-DX1-instance.tiff,DP500-COAD_READ-GDPH_P01/part2/1240749-7-HE-DX1.tiff
tissue_seg@10x/GDPH-tissue-segmentation/GDPH-tissue-segmentation/1241269-NA-HE-DX1.png,DP500-COAD_READ-GDPH_P01/part2/1241269-NA-HE-DX1-class.tiff,DP500-COAD_READ-GDPH_P01/part2/1241269-NA-HE-DX1-instance.tiff,DP500-COAD_READ-GDPH_P01/part2/1241269-NA-HE-DX1.tiff
tissue_seg@10x/GDPH-tissue-segmentation/GDPH-tissue-segmentation/1241508-NA-HE-DX1.png,DP500-COAD_READ-GDPH_P01/part2/1241508-NA-HE-DX1-class.tiff,DP500-COAD_READ-GDPH_P01/part2/1241508-NA-HE-DX1-instance.tiff,DP500-COAD_READ-GDPH_P01/part2/1241508-NA-HE-DX1.tiff
tissue_seg@10x/GDPH-tissue-segmentation/GDPH-tissue-segmentation/1241825-NA-HE-DX1.png,DP500-COAD_READ-GDPH_P01/part2/1241825-NA-HE-DX1-class.tiff,DP500-COAD_READ-GDPH_P01/part2/1241825-NA-HE-DX1-instance.tiff,DP500-COAD_READ-GDPH_P01/part2/1241825-NA-HE-DX1.tiff
tissue_seg@10x/GDPH-tissue-segmentation/GDPH-tissue-segmentation/1242572-NA-HE-DX1.png,DP500-COAD_READ-GDPH_P01/part2/1242572-NA-HE-DX1-class.tiff,DP500-COAD_READ-GDPH_P01/part2/1242572-NA-HE-DX1-instance.tiff,DP500-COAD_READ-GDPH_P01/part2/1242572-NA-HE-DX1.tiff
tissue_seg@10x/GDPH-tissue-segmentation/GDPH-tissue-segmentation/1300076-31-HE-DX1.png,DP500-COAD_READ-GDPH_P01/part2/1300076-31-HE-DX1-class.tiff,DP500-COAD_READ-GDPH_P01/part2/1300076-31-HE-DX1-instance.tiff,DP500-COAD_READ-GDPH_P01/part2/1300076-31-HE-DX1.tiff
tissue_seg@10x/GDPH-tissue-segmentation/GDPH-tissue-segmentation/1301289-15-HE-DX1.png,DP500-COAD_READ-GDPH_P01/part2/1301289-15-HE-DX1-class.tiff,DP500-COAD_READ-GDPH_P01/part2/1301289-15-HE-DX1-instance.tiff,DP500-COAD_READ-GDPH_P01/part2/1301289-15-HE-DX1.tiff
tissue_seg@10x/GDPH-tissue-segmentation/GDPH-tissue-segmentation/1301293-8-HE-DX1.png,DP500-COAD_READ-GDPH_P01/part2/1301293-8-HE-DX1-class.tiff,DP500-COAD_READ-GDPH_P01/part2/1301293-8-HE-DX1-instance.tiff,DP500-COAD_READ-GDPH_P01/part2/1301293-8-HE-DX1.tiff
tissue_seg@10x/GDPH-tissue-segmentation/GDPH-tissue-segmentation/1302488-5-HE-DX1.png,DP500-COAD_READ-GDPH_P01/part2/1302488-5-HE-DX1-class.tiff,DP500-COAD_READ-GDPH_P01/part2/1302488-5-HE-DX1-instance.tiff,DP500-COAD_READ-GDPH_P01/part2/1302488-5-HE-DX1.tiff
tissue_seg@10x/GDPH-tissue-segmentation/GDPH-tissue-segmentation/1303109-5-HE-DX1.png,DP500-COAD_READ-GDPH_P01/part2/1303109-5-HE-DX1-class.tiff,DP500-COAD_READ-GDPH_P01/part2/1303109-5-HE-DX1-instance.tiff,DP500-COAD_READ-GDPH_P01/part2/1303109-5-HE-DX1.tiff
tissue_seg@10x/GDPH-tissue-segmentation/GDPH-tissue-segmentation/1303965-3-HE-DX1.png,DP500-COAD_READ-GDPH_P01/part2/1303965-3-HE-DX1-class.tiff,DP500-COAD_READ-GDPH_P01/part2/1303965-3-HE-DX1-instance.tiff,DP500-COAD_READ-GDPH_P01/part2/1303965-3-HE-DX1.tiff
tissue_seg@10x/GDPH-tissue-segmentation/GDPH-tissue-segmentation/1304149-18-HE-DX1.png,DP500-COAD_READ-GDPH_P01/part2/1304149-18-HE-DX1-class.tiff,DP500-COAD_READ-GDPH_P01/part2/1304149-18-HE-DX1-instance.tiff,DP500-COAD_READ-GDPH_P01/part2/1304149-18-HE-DX1.tiff
tissue_seg@10x/GDPH-tissue-segmentation/GDPH-tissue-segmentation/1304679-6-HE-DX1.png,DP500-COAD_READ-GDPH_P01/part2/1304679-6-HE-DX1-class.tiff,DP500-COAD_READ-GDPH_P01/part2/1304679-6-HE-DX1-instance.tiff,DP500-COAD_READ-GDPH_P01/part2/1304679-6-HE-DX1.tiff
tissue_seg@10x/GDPH-tissue-segmentation/GDPH-tissue-segmentation/1304921-5-HE-DX1.png,DP500-COAD_READ-GDPH_P01/part2/1304921-5-HE-DX1-class.tiff,DP500-COAD_READ-GDPH_P01/part2/1304921-5-HE-DX1-instance.tiff,DP500-COAD_READ-GDPH_P01/part2/1304921-5-HE-DX1.tiff
tissue_seg@10x/GDPH-tissue-segmentation/GDPH-tissue-segmentation/1305833-6-HE-DX1.png,DP500-COAD_READ-GDPH_P01/part2/1305833-6-HE-DX1-class.tiff,DP500-COAD_READ-GDPH_P01/part2/1305833-6-HE-DX1-instance.tiff,DP500-COAD_READ-GDPH_P01/part2/1305833-6-HE-DX1.tiff
tissue_seg@10x/GDPH-tissue-segmentation/GDPH-tissue-segmentation/1306374-11-HE-DX1.png,DP500-COAD_READ-GDPH_P01/part2/1306374-11-HE-DX1-class.tiff,DP500-COAD_READ-GDPH_P01/part2/1306374-11-HE-DX1-instance.tiff,DP500-COAD_READ-GDPH_P01/part2/1306374-11-HE-DX1.tiff
tissue_seg@10x/GDPH-tissue-segmentation/GDPH-tissue-segmentation/1306675-8-HE-DX1.png,DP500-COAD_READ-GDPH_P01/part2/1306675-8-HE-DX1-class.tiff,DP500-COAD_READ-GDPH_P01/part2/1306675-8-HE-DX1-instance.tiff,DP500-COAD_READ-GDPH_P01/part2/1306675-8-HE-DX1.tiff
tissue_seg@10x/GDPH-tissue-segmentation/GDPH-tissue-segmentation/1307108-8-HE-DX1.png,DP500-COAD_READ-GDPH_P01/part2/1307108-8-HE-DX1-class.tiff,DP500-COAD_READ-GDPH_P01/part2/1307108-8-HE-DX1-instance.tiff,DP500-COAD_READ-GDPH_P01/part2/1307108-8-HE-DX1.tiff
tissue_seg@10x/GDPH-tissue-segmentation/GDPH-tissue-segmentation/1307180-9-HE-DX1.png,DP500-COAD_READ-GDPH_P01/part2/1307180-9-HE-DX1-class.tiff,DP500-COAD_READ-GDPH_P01/part2/1307180-9-HE-DX1-instance.tiff,DP500-COAD_READ-GDPH_P01/part2/1307180-9-HE-DX1.tiff
tissue_seg@10x/GDPH-tissue-segmentation/GDPH-tissue-segmentation/1307652-16-HE-DX1.png,DP500-COAD_READ-GDPH_P01/part2/1307652-16-HE-DX1-class.tiff,DP500-COAD_READ-GDPH_P01/part2/1307652-16-HE-DX1-instance.tiff,DP500-COAD_READ-GDPH_P01/part2/1307652-16-HE-DX1.tiff
tissue_seg@10x/GDPH-tissue-segmentation/GDPH-tissue-segmentation/1307875-5-HE-DX1.png,DP500-COAD_READ-GDPH_P01/part2/1307875-5-HE-DX1-class.tiff,DP500-COAD_READ-GDPH_P01/part2/1307875-5-HE-DX1-instance.tiff,DP500-COAD_READ-GDPH_P01/part2/1307875-5-HE-DX1.tiff
tissue_seg@10x/GDPH-tissue-segmentation/GDPH-tissue-segmentation/1308419-9-HE-DX1.png,DP500-COAD_READ-GDPH_P01/part2/1308419-9-HE-DX1-class.tiff,DP500-COAD_READ-GDPH_P01/part2/1308419-9-HE-DX1-instance.tiff,DP500-COAD_READ-GDPH_P01/part2/1308419-9-HE-DX1.tiff
tissue_seg@10x/GDPH-tissue-segmentation/GDPH-tissue-segmentation/1308463-7-HE-DX1.png,DP500-COAD_READ-GDPH_P01/part2/1308463-7-HE-DX1-class.tiff,DP500-COAD_READ-GDPH_P01/part2/1308463-7-HE-DX1-instance.tiff,DP500-COAD_READ-GDPH_P01/part2/1308463-7-HE-DX1.tiff
tissue_seg@10x/GDPH-tissue-segmentation/GDPH-tissue-segmentation/1308472-4-HE-DX1.png,DP500-COAD_READ-GDPH_P01/part2/1308472-4-HE-DX1-class.tiff,DP500-COAD_READ-GDPH_P01/part2/1308472-4-HE-DX1-instance.tiff,DP500-COAD_READ-GDPH_P01/part2/1308472-4-HE-DX1.tiff
tissue_seg@10x/GDPH-tissue-segmentation/GDPH-tissue-segmentation/1308619-5-HE-DX1.png,DP500-COAD_READ-GDPH_P01/part2/1308619-5-HE-DX1-class.tiff,DP500-COAD_READ-GDPH_P01/part2/1308619-5-HE-DX1-instance.tiff,DP500-COAD_READ-GDPH_P01/part2/1308619-5-HE-DX1.tiff
tissue_seg@10x/GDPH-tissue-segmentation/GDPH-tissue-segmentation/1308942-7-HE-DX1.png,DP500-COAD_READ-GDPH_P01/part2/1308942-7-HE-DX1-class.tiff,DP500-COAD_READ-GDPH_P01/part2/1308942-7-HE-DX1-instance.tiff,DP500-COAD_READ-GDPH_P01/part2/1308942-7-HE-DX1.tiff
tissue_seg@10x/GDPH-tissue-segmentation/GDPH-tissue-segmentation/1309301-9-HE-DX1.png,DP500-COAD_READ-GDPH_P01/part2/1309301-9-HE-DX1-class.tiff,DP500-COAD_READ-GDPH_P01/part2/1309301-9-HE-DX1-instance.tiff,DP500-COAD_READ-GDPH_P01/part2/1309301-9-HE-DX1.tiff
tissue_seg@10x/GDPH-tissue-segmentation/GDPH-tissue-segmentation/1309720-3-HE-DX1.png,DP500-COAD_READ-GDPH_P01/part2/1309720-3-HE-DX1-class.tiff,DP500-COAD_READ-GDPH_P01/part2/1309720-3-HE-DX1-instance.tiff,DP500-COAD_READ-GDPH_P01/part2/1309720-3-HE-DX1.tiff
tissue_seg@10x/GDPH-tissue-segmentation/GDPH-tissue-segmentation/1309850-8-HE-DX1.png,DP500-COAD_READ-GDPH_P01/part2/1309850-8-HE-DX1-class.tiff,DP500-COAD_READ-GDPH_P01/part2/1309850-8-HE-DX1-instance.tiff,DP500-COAD_READ-GDPH_P01/part2/1309850-8-HE-DX1.tiff
tissue_seg@10x/GDPH-tissue-segmentation/GDPH-tissue-segmentation/1309929-12-HE-DX1.png,DP500-COAD_READ-GDPH_P01/part2/1309929-12-HE-DX1-class.tiff,DP500-COAD_READ-GDPH_P01/part2/1309929-12-HE-DX1-instance.tiff,DP500-COAD_READ-GDPH_P01/part2/1309929-12-HE-DX1.tiff
tissue_seg@10x/GDPH-tissue-segmentation/GDPH-tissue-segmentation/1310951-5-HE-DX1.png,DP500-COAD_READ-GDPH_P01/part2/1310951-5-HE-DX1-class.tiff,DP500-COAD_READ-GDPH_P01/part2/1310951-5-HE-DX1-instance.tiff,DP500-COAD_READ-GDPH_P01/part2/1310951-5-HE-DX1.tiff
tissue_seg@10x/GDPH-tissue-segmentation/GDPH-tissue-segmentation/1310991-17-HE-DX1.png,DP500-COAD_READ-GDPH_P01/part2/1310991-17-HE-DX1-class.tiff,DP500-COAD_READ-GDPH_P01/part2/1310991-17-HE-DX1-instance.tiff,DP500-COAD_READ-GDPH_P01/part2/1310991-17-HE-DX1.tiff
tissue_seg@10x/GDPH-tissue-segmentation/GDPH-tissue-segmentation/1311018-21-HE-DX1.png,DP500-COAD_READ-GDPH_P01/part2/1311018-21-HE-DX1-class.tiff,DP500-COAD_READ-GDPH_P01/part2/1311018-21-HE-DX1-instance.tiff,DP500-COAD_READ-GDPH_P01/part2/1311018-21-HE-DX1.tiff
tissue_seg@10x/GDPH-tissue-segmentation/GDPH-tissue-segmentation/1311169-7-HE-DX1.png,DP500-COAD_READ-GDPH_P01/part2/1311169-7-HE-DX1-class.tiff,DP500-COAD_READ-GDPH_P01/part2/1311169-7-HE-DX1-instance.tiff,DP500-COAD_READ-GDPH_P01/part2/1311169-7-HE-DX1.tiff
tissue_seg@10x/GDPH-tissue-segmentation/GDPH-tissue-segmentation/1312336-3-HE-DX1.png,DP500-COAD_READ-GDPH_P01/part3/1312336-3-HE-DX1-class.tiff,DP500-COAD_READ-GDPH_P01/part3/1312336-3-HE-DX1-instance.tiff,DP500-COAD_READ-GDPH_P01/part3/1312336-3-HE-DX1.tiff
tissue_seg@10x/GDPH-tissue-segmentation/GDPH-tissue-segmentation/1313033-4-HE-DX1.png,DP500-COAD_READ-GDPH_P01/part3/1313033-4-HE-DX1-class.tiff,DP500-COAD_READ-GDPH_P01/part3/1313033-4-HE-DX1-instance.tiff,DP500-COAD_READ-GDPH_P01/part3/1313033-4-HE-DX1.tiff
tissue_seg@10x/GDPH-tissue-segmentation/GDPH-tissue-segmentation/1313929-11-HE-DX1.png,DP500-COAD_READ-GDPH_P01/part3/1313929-11-HE-DX1-class.tiff,DP500-COAD_READ-GDPH_P01/part3/1313929-11-HE-DX1-instance.tiff,DP500-COAD_READ-GDPH_P01/part3/1313929-11-HE-DX1.tiff
tissue_seg@10x/GDPH-tissue-segmentation/GDPH-tissue-segmentation/1314381-8-HE-DX1.png,DP500-COAD_READ-GDPH_P01/part3/1314381-8-HE-DX1-class.tiff,DP500-COAD_READ-GDPH_P01/part3/1314381-8-HE-DX1-instance.tiff,DP500-COAD_READ-GDPH_P01/part3/1314381-8-HE-DX1.tiff
tissue_seg@10x/GDPH-tissue-segmentation/GDPH-tissue-segmentation/1314495-9-HE-DX1.png,DP500-COAD_READ-GDPH_P01/part3/1314495-9-HE-DX1-class.tiff,DP500-COAD_READ-GDPH_P01/part3/1314495-9-HE-DX1-instance.tiff,DP500-COAD_READ-GDPH_P01/part3/1314495-9-HE-DX1.tiff
tissue_seg@10x/GDPH-tissue-segmentation/GDPH-tissue-segmentation/1314498-10-HE-DX1.png,DP500-COAD_READ-GDPH_P01/part3/1314498-10-HE-DX1-class.tiff,DP500-COAD_READ-GDPH_P01/part3/1314498-10-HE-DX1-instance.tiff,DP500-COAD_READ-GDPH_P01/part3/1314498-10-HE-DX1.tiff
tissue_seg@10x/GDPH-tissue-segmentation/GDPH-tissue-segmentation/1314632-5-HE-DX1.png,DP500-COAD_READ-GDPH_P01/part3/1314632-5-HE-DX1-class.tiff,DP500-COAD_READ-GDPH_P01/part3/1314632-5-HE-DX1-instance.tiff,DP500-COAD_READ-GDPH_P01/part3/1314632-5-HE-DX1.tiff
tissue_seg@10x/GDPH-tissue-segmentation/GDPH-tissue-segmentation/1314922-10-HE-DX1.png,DP500-COAD_READ-GDPH_P01/part3/1314922-10-HE-DX1-class.tiff,DP500-COAD_READ-GDPH_P01/part3/1314922-10-HE-DX1-instance.tiff,DP500-COAD_READ-GDPH_P01/part3/1314922-10-HE-DX1.tiff
tissue_seg@10x/GDPH-tissue-segmentation/GDPH-tissue-segmentation/1315346-7-HE-DX1.png,DP500-COAD_READ-GDPH_P01/part3/1315346-7-HE-DX1-class.tiff,DP500-COAD_READ-GDPH_P01/part3/1315346-7-HE-DX1-instance.tiff,DP500-COAD_READ-GDPH_P01/part3/1315346-7-HE-DX1.tiff
tissue_seg@10x/GDPH-tissue-segmentation/GDPH-tissue-segmentation/1315362-6-HE-DX1.png,DP500-COAD_READ-GDPH_P01/part3/1315362-6-HE-DX1-class.tiff,DP500-COAD_READ-GDPH_P01/part3/1315362-6-HE-DX1-instance.tiff,DP500-COAD_READ-GDPH_P01/part3/1315362-6-HE-DX1.tiff
tissue_seg@10x/GDPH-tissue-segmentation/GDPH-tissue-segmentation/1315677-11-HE-DX1.png,DP500-COAD_READ-GDPH_P01/part3/1315677-11-HE-DX1-class.tiff,DP500-COAD_READ-GDPH_P01/part3/1315677-11-HE-DX1-instance.tiff,DP500-COAD_READ-GDPH_P01/part3/1315677-11-HE-DX1.tiff
tissue_seg@10x/GDPH-tissue-segmentation/GDPH-tissue-segmentation/1316323-NA-HE-DX1.png,DP500-COAD_READ-GDPH_P01/part3/1316323-NA-HE-DX1-class.tiff,DP500-COAD_READ-GDPH_P01/part3/1316323-NA-HE-DX1-instance.tiff,DP500-COAD_READ-GDPH_P01/part3/1316323-NA-HE-DX1.tiff
tissue_seg@10x/GDPH-tissue-segmentation/GDPH-tissue-segmentation/1316442-13-HE-DX1-S01.png,DP500-COAD_READ-GDPH_P01/part3/1316442-13-HE-DX1-S01-class.tiff,DP500-COAD_READ-GDPH_P01/part3/1316442-13-HE-DX1-S01-instance.tiff,DP500-COAD_READ-GDPH_P01/part3/1316442-13-HE-DX1-S01.tiff
tissue_seg@10x/GDPH-tissue-segmentation/GDPH-tissue-segmentation/1316442-13-HE-DX1-S02.png,DP500-COAD_READ-GDPH_P01/part3/1316442-13-HE-DX1-S02-class.tiff,DP500-COAD_READ-GDPH_P01/part3/1316442-13-HE-DX1-S02-instance.tiff,DP500-COAD_READ-GDPH_P01/part3/1316442-13-HE-DX1-S02.tiff
tissue_seg@10x/GDPH-tissue-segmentation/GDPH-tissue-segmentation/1316442-15-HE-DX1.png,DP500-COAD_READ-GDPH_P01/part3/1316442-15-HE-DX1-class.tiff,DP500-COAD_READ-GDPH_P01/part3/1316442-15-HE-DX1-instance.tiff,DP500-COAD_READ-GDPH_P01/part3/1316442-15-HE-DX1.tiff
tissue_seg@10x/GDPH-tissue-segmentation/GDPH-tissue-segmentation/1316459-NA-HE-DX1.png,DP500-COAD_READ-GDPH_P01/part3/1316459-NA-HE-DX1-class.tiff,DP500-COAD_READ-GDPH_P01/part3/1316459-NA-HE-DX1-instance.tiff,DP500-COAD_READ-GDPH_P01/part3/1316459-NA-HE-DX1.tiff
tissue_seg@10x/GDPH-tissue-segmentation/GDPH-tissue-segmentation/1318194-8-HE-DX1.png,DP500-COAD_READ-GDPH_P01/part3/1318194-8-HE-DX1-class.tiff,DP500-COAD_READ-GDPH_P01/part3/1318194-8-HE-DX1-instance.tiff,DP500-COAD_READ-GDPH_P01/part3/1318194-8-HE-DX1.tiff
tissue_seg@10x/GDPH-tissue-segmentation/GDPH-tissue-segmentation/1319396-NA-HE-DX1.png,DP500-COAD_READ-GDPH_P01/part3/1319396-NA-HE-DX1-class.tiff,DP500-COAD_READ-GDPH_P01/part3/1319396-NA-HE-DX1-instance.tiff,DP500-COAD_READ-GDPH_P01/part3/1319396-NA-HE-DX1.tiff
tissue_seg@10x/GDPH-tissue-segmentation/GDPH-tissue-segmentation/1319453-NA-HE-DX1.png,DP500-COAD_READ-GDPH_P01/part3/1319453-NA-HE-DX1-class.tiff,DP500-COAD_READ-GDPH_P01/part3/1319453-NA-HE-DX1-instance.tiff,DP500-COAD_READ-GDPH_P01/part3/1319453-NA-HE-DX1.tiff
tissue_seg@10x/GDPH-tissue-segmentation/GDPH-tissue-segmentation/1319518-NA-HE-DX1.png,DP500-COAD_READ-GDPH_P01/part3/1319518-NA-HE-DX1-class.tiff,DP500-COAD_READ-GDPH_P01/part3/1319518-NA-HE-DX1-instance.tiff,DP500-COAD_READ-GDPH_P01/part3/1319518-NA-HE-DX1.tiff
tissue_seg@10x/GDPH-tissue-segmentation/GDPH-tissue-segmentation/1319656-9-HE-DX1.png,DP500-COAD_READ-GDPH_P01/part3/1319656-9-HE-DX1-class.tiff,DP500-COAD_READ-GDPH_P01/part3/1319656-9-HE-DX1-instance.tiff,DP500-COAD_READ-GDPH_P01/part3/1319656-9-HE-DX1.tiff
tissue_seg@10x/GDPH-tissue-segmentation/GDPH-tissue-segmentation/1320426-6-HE-DX1.png,DP500-COAD_READ-GDPH_P01/part3/1320426-6-HE-DX1-class.tiff,DP500-COAD_READ-GDPH_P01/part3/1320426-6-HE-DX1-instance.tiff,DP500-COAD_READ-GDPH_P01/part3/1320426-6-HE-DX1.tiff
tissue_seg@10x/GDPH-tissue-segmentation/GDPH-tissue-segmentation/1320469-10-HE-DX1.png,DP500-COAD_READ-GDPH_P01/part3/1320469-10-HE-DX1-class.tiff,DP500-COAD_READ-GDPH_P01/part3/1320469-10-HE-DX1-instance.tiff,DP500-COAD_READ-GDPH_P01/part3/1320469-10-HE-DX1.tiff
tissue_seg@10x/GDPH-tissue-segmentation/GDPH-tissue-segmentation/1320577-8-HE-DX1.png,DP500-COAD_READ-GDPH_P01/part3/1320577-8-HE-DX1-class.tiff,DP500-COAD_READ-GDPH_P01/part3/1320577-8-HE-DX1-instance.tiff,DP500-COAD_READ-GDPH_P01/part3/1320577-8-HE-DX1.tiff
tissue_seg@10x/GDPH-tissue-segmentation/GDPH-tissue-segmentation/1320603-3-HE-DX1.png,DP500-COAD_READ-GDPH_P01/part3/1320603-3-HE-DX1-class.tiff,DP500-COAD_READ-GDPH_P01/part3/1320603-3-HE-DX1-instance.tiff,DP500-COAD_READ-GDPH_P01/part3/1320603-3-HE-DX1.tiff
tissue_seg@10x/GDPH-tissue-segmentation/GDPH-tissue-segmentation/1320743-9-HE-DX1.png,DP500-COAD_READ-GDPH_P01/part3/1320743-9-HE-DX1-class.tiff,DP500-COAD_READ-GDPH_P01/part3/1320743-9-HE-DX1-instance.tiff,DP500-COAD_READ-GDPH_P01/part3/1320743-9-HE-DX1.tiff
tissue_seg@10x/GDPH-tissue-segmentation/GDPH-tissue-segmentation/1320854-29-HE-DX1.png,DP500-COAD_READ-GDPH_P01/part3/1320854-29-HE-DX1-class.tiff,DP500-COAD_READ-GDPH_P01/part3/1320854-29-HE-DX1-instance.tiff,DP500-COAD_READ-GDPH_P01/part3/1320854-29-HE-DX1.tiff
tissue_seg@10x/GDPH-tissue-segmentation/GDPH-tissue-segmentation/1321135-11-HE-DX1.png,DP500-COAD_READ-GDPH_P01/part3/1321135-11-HE-DX1-class.tiff,DP500-COAD_READ-GDPH_P01/part3/1321135-11-HE-DX1-instance.tiff,DP500-COAD_READ-GDPH_P01/part3/1321135-11-HE-DX1.tiff
tissue_seg@10x/GDPH-tissue-segmentation/GDPH-tissue-segmentation/1321593-10-HE-DX1.png,DP500-COAD_READ-GDPH_P01/part3/1321593-10-HE-DX1-class.tiff,DP500-COAD_READ-GDPH_P01/part3/1321593-10-HE-DX1-instance.tiff,DP500-COAD_READ-GDPH_P01/part3/1321593-10-HE-DX1.tiff
tissue_seg@10x/GDPH-tissue-segmentation/GDPH-tissue-segmentation/1321851-8-HE-DX1.png,DP500-COAD_READ-GDPH_P01/part3/1321851-8-HE-DX1-class.tiff,DP500-COAD_READ-GDPH_P01/part3/1321851-8-HE-DX1-instance.tiff,DP500-COAD_READ-GDPH_P01/part3/1321851-8-HE-DX1.tiff
tissue_seg@10x/GDPH-tissue-segmentation/GDPH-tissue-segmentation/1322063-7-HE-DX1.png,DP500-COAD_READ-GDPH_P01/part3/1322063-7-HE-DX1-class.tiff,DP500-COAD_READ-GDPH_P01/part3/1322063-7-HE-DX1-instance.tiff,DP500-COAD_READ-GDPH_P01/part3/1322063-7-HE-DX1.tiff
tissue_seg@10x/GDPH-tissue-segmentation/GDPH-tissue-segmentation/1322133-10-HE-DX1.png,DP500-COAD_READ-GDPH_P01/part3/1322133-10-HE-DX1-class.tiff,DP500-COAD_READ-GDPH_P01/part3/1322133-10-HE-DX1-instance.tiff,DP500-COAD_READ-GDPH_P01/part3/1322133-10-HE-DX1.tiff
tissue_seg@10x/GDPH-tissue-segmentation/GDPH-tissue-segmentation/1322271-4-HE-DX1.png,DP500-COAD_READ-GDPH_P01/part3/1322271-4-HE-DX1-class.tiff,DP500-COAD_READ-GDPH_P01/part3/1322271-4-HE-DX1-instance.tiff,DP500-COAD_READ-GDPH_P01/part3/1322271-4-HE-DX1.tiff
tissue_seg@10x/GDPH-tissue-segmentation/GDPH-tissue-segmentation/1322273-4-HE-DX2.png,DP500-COAD_READ-GDPH_P01/part3/1322273-4-HE-DX2-class.tiff,DP500-COAD_READ-GDPH_P01/part3/1322273-4-HE-DX2-instance.tiff,DP500-COAD_READ-GDPH_P01/part3/1322273-4-HE-DX2.tiff
tissue_seg@10x/GDPH-tissue-segmentation/GDPH-tissue-segmentation/1322821-15-HE-DX1.png,DP500-COAD_READ-GDPH_P01/part3/1322821-15-HE-DX1-class.tiff,DP500-COAD_READ-GDPH_P01/part3/1322821-15-HE-DX1-instance.tiff,DP500-COAD_READ-GDPH_P01/part3/1322821-15-HE-DX1.tiff
tissue_seg@10x/GDPH-tissue-segmentation/GDPH-tissue-segmentation/1322878-5-HE-DX1.png,DP500-COAD_READ-GDPH_P01/part3/1322878-5-HE-DX1-class.tiff,DP500-COAD_READ-GDPH_P01/part3/1322878-5-HE-DX1-instance.tiff,DP500-COAD_READ-GDPH_P01/part3/1322878-5-HE-DX1.tiff
tissue_seg@10x/GDPH-tissue-segmentation/GDPH-tissue-segmentation/1323308-3-HE-DX1.png,DP500-COAD_READ-GDPH_P01/part3/1323308-3-HE-DX1-class.tiff,DP500-COAD_READ-GDPH_P01/part3/1323308-3-HE-DX1-instance.tiff,DP500-COAD_READ-GDPH_P01/part3/1323308-3-HE-DX1.tiff
tissue_seg@10x/GDPH-tissue-segmentation/GDPH-tissue-segmentation/1323341-9-HE-DX1.png,DP500-COAD_READ-GDPH_P01/part3/1323341-9-HE-DX1-class.tiff,DP500-COAD_READ-GDPH_P01/part3/1323341-9-HE-DX1-instance.tiff,DP500-COAD_READ-GDPH_P01/part3/1323341-9-HE-DX1.tiff
tissue_seg@10x/GDPH-tissue-segmentation/GDPH-tissue-segmentation/1323687-11-HE-DX1.png,DP500-COAD_READ-GDPH_P01/part3/1323687-11-HE-DX1-class.tiff,DP500-COAD_READ-GDPH_P01/part3/1323687-11-HE-DX1-instance.tiff,DP500-COAD_READ-GDPH_P01/part3/1323687-11-HE-DX1.tiff
tissue_seg@10x/GDPH-tissue-segmentation/GDPH-tissue-segmentation/1323807-15-HE-DX1.png,DP500-COAD_READ-GDPH_P01/part3/1323807-15-HE-DX1-class.tiff,DP500-COAD_READ-GDPH_P01/part3/1323807-15-HE-DX1-instance.tiff,DP500-COAD_READ-GDPH_P01/part3/1323807-15-HE-DX1.tiff
tissue_seg@10x/GDPH-tissue-segmentation/GDPH-tissue-segmentation/1323885-8-HE-DX1.png,DP500-COAD_READ-GDPH_P01/part3/1323885-8-HE-DX1-class.tiff,DP500-COAD_READ-GDPH_P01/part3/1323885-8-HE-DX1-instance.tiff,DP500-COAD_READ-GDPH_P01/part3/1323885-8-HE-DX1.tiff
tissue_seg@10x/GDPH-tissue-segmentation/GDPH-tissue-segmentation/1324008-7-HE-DX1.png,DP500-COAD_READ-GDPH_P01/part3/1324008-7-HE-DX1-class.tiff,DP500-COAD_READ-GDPH_P01/part3/1324008-7-HE-DX1-instance.tiff,DP500-COAD_READ-GDPH_P01/part3/1324008-7-HE-DX1.tiff
tissue_seg@10x/GDPH-tissue-segmentation/GDPH-tissue-segmentation/1324788-5-HE-DX1.png,DP500-COAD_READ-GDPH_P01/part3/1324788-5-HE-DX1-class.tiff,DP500-COAD_READ-GDPH_P01/part3/1324788-5-HE-DX1-instance.tiff,DP500-COAD_READ-GDPH_P01/part3/1324788-5-HE-DX1.tiff
tissue_seg@10x/GDPH-tissue-segmentation/GDPH-tissue-segmentation/1324949-13-HE-DX1.png,DP500-COAD_READ-GDPH_P01/part3/1324949-13-HE-DX1-class.tiff,DP500-COAD_READ-GDPH_P01/part3/1324949-13-HE-DX1-instance.tiff,DP500-COAD_READ-GDPH_P01/part3/1324949-13-HE-DX1.tiff
tissue_seg@10x/GDPH-tissue-segmentation/GDPH-tissue-segmentation/1325397-4-HE-DX1.png,DP500-COAD_READ-GDPH_P01/part3/1325397-4-HE-DX1-class.tiff,DP500-COAD_READ-GDPH_P01/part3/1325397-4-HE-DX1-instance.tiff,DP500-COAD_READ-GDPH_P01/part3/1325397-4-HE-DX1.tiff
tissue_seg@10x/GDPH-tissue-segmentation/GDPH-tissue-segmentation/1325460-13-HE-DX1.png,DP500-COAD_READ-GDPH_P01/part3/1325460-13-HE-DX1-class.tiff,DP500-COAD_READ-GDPH_P01/part3/1325460-13-HE-DX1-instance.tiff,DP500-COAD_READ-GDPH_P01/part3/1325460-13-HE-DX1.tiff
tissue_seg@10x/GDPH-tissue-segmentation/GDPH-tissue-segmentation/1326113-7-HE-DX1.png,DP500-COAD_READ-GDPH_P01/part3/1326113-7-HE-DX1-class.tiff,DP500-COAD_READ-GDPH_P01/part3/1326113-7-HE-DX1-instance.tiff,DP500-COAD_READ-GDPH_P01/part3/1326113-7-HE-DX1.tiff
tissue_seg@10x/GDPH-tissue-segmentation/GDPH-tissue-segmentation/1326696-5-HE-DX1.png,DP500-COAD_READ-GDPH_P01/part3/1326696-5-HE-DX1-class.tiff,DP500-COAD_READ-GDPH_P01/part3/1326696-5-HE-DX1-instance.tiff,DP500-COAD_READ-GDPH_P01/part3/1326696-5-HE-DX1.tiff
tissue_seg@10x/GDPH-tissue-segmentation/GDPH-tissue-segmentation/1326750-9-HE-DX1.png,DP500-COAD_READ-GDPH_P01/part3/1326750-9-HE-DX1-class.tiff,DP500-COAD_READ-GDPH_P01/part3/1326750-9-HE-DX1-instance.tiff,DP500-COAD_READ-GDPH_P01/part3/1326750-9-HE-DX1.tiff
tissue_seg@10x/GDPH-tissue-segmentation/GDPH-tissue-segmentation/1326991-24-HE-DX1.png,DP500-COAD_READ-GDPH_P01/part3/1326991-24-HE-DX1-class.tiff,DP500-COAD_READ-GDPH_P01/part3/1326991-24-HE-DX1-instance.tiff,DP500-COAD_READ-GDPH_P01/part3/1326991-24-HE-DX1.tiff
tissue_seg@10x/GDPH-tissue-segmentation/GDPH-tissue-segmentation/1327782-7-HE-DX1.png,DP500-COAD_READ-GDPH_P01/part3/1327782-7-HE-DX1-class.tiff,DP500-COAD_READ-GDPH_P01/part3/1327782-7-HE-DX1-instance.tiff,DP500-COAD_READ-GDPH_P01/part3/1327782-7-HE-DX1.tiff
tissue_seg@10x/GDPH-tissue-segmentation/GDPH-tissue-segmentation/1328128-8-HE-DX1.png,DP500-COAD_READ-GDPH_P01/part3/1328128-8-HE-DX1-class.tiff,DP500-COAD_READ-GDPH_P01/part3/1328128-8-HE-DX1-instance.tiff,DP500-COAD_READ-GDPH_P01/part3/1328128-8-HE-DX1.tiff
tissue_seg@10x/GDPH-tissue-segmentation/GDPH-tissue-segmentation/1328639-6-HE-DX1.png,DP500-COAD_READ-GDPH_P01/part3/1328639-6-HE-DX1-class.tiff,DP500-COAD_READ-GDPH_P01/part3/1328639-6-HE-DX1-instance.tiff,DP500-COAD_READ-GDPH_P01/part3/1328639-6-HE-DX1.tiff
tissue_seg@10x/GDPH-tissue-segmentation/GDPH-tissue-segmentation/1329021-7-HE-DX1.png,DP500-COAD_READ-GDPH_P01/part3/1329021-7-HE-DX1-class.tiff,DP500-COAD_READ-GDPH_P01/part3/1329021-7-HE-DX1-instance.tiff,DP500-COAD_READ-GDPH_P01/part3/1329021-7-HE-DX1.tiff
tissue_seg@10x/GDPH-tissue-segmentation/GDPH-tissue-segmentation/1329357-4-HE-DX1.png,DP500-COAD_READ-GDPH_P01/part3/1329357-4-HE-DX1-class.tiff,DP500-COAD_READ-GDPH_P01/part3/1329357-4-HE-DX1-instance.tiff,DP500-COAD_READ-GDPH_P01/part3/1329357-4-HE-DX1.tiff
tissue_seg@10x/GDPH-tissue-segmentation/GDPH-tissue-segmentation/1329430-5-HE-DX1.png,DP500-COAD_READ-GDPH_P01/part3/1329430-5-HE-DX1-class.tiff,DP500-COAD_READ-GDPH_P01/part3/1329430-5-HE-DX1-instance.tiff,DP500-COAD_READ-GDPH_P01/part3/1329430-5-HE-DX1.tiff
tissue_seg@10x/GDPH-tissue-segmentation/GDPH-tissue-segmentation/1329694-10-HE-DX1.png,DP500-COAD_READ-GDPH_P01/part3/1329694-10-HE-DX1-class.tiff,DP500-COAD_READ-GDPH_P01/part3/1329694-10-HE-DX1-instance.tiff,DP500-COAD_READ-GDPH_P01/part3/1329694-10-HE-DX1.tiff
tissue_seg@10x/GDPH-tissue-segmentation/GDPH-tissue-segmentation/1329750-11-HE-DX1.png,DP500-COAD_READ-GDPH_P01/part3/1329750-11-HE-DX1-class.tiff,DP500-COAD_READ-GDPH_P01/part3/1329750-11-HE-DX1-instance.tiff,DP500-COAD_READ-GDPH_P01/part3/1329750-11-HE-DX1.tiff
tissue_seg@10x/GDPH-tissue-segmentation/GDPH-tissue-segmentation/1329872-4-HE-DX1.png,DP500-COAD_READ-GDPH_P01/part3/1329872-4-HE-DX1-class.tiff,DP500-COAD_READ-GDPH_P01/part3/1329872-4-HE-DX1-instance.tiff,DP500-COAD_READ-GDPH_P01/part3/1329872-4-HE-DX1.tiff
tissue_seg@10x/GDPH-tissue-segmentation/GDPH-tissue-segmentation/1329906-R1-HE-DX1.png,DP500-COAD_READ-GDPH_P01/part3/1329906-R1-HE-DX1-class.tiff,DP500-COAD_READ-GDPH_P01/part3/1329906-R1-HE-DX1-instance.tiff,DP500-COAD_READ-GDPH_P01/part3/1329906-R1-HE-DX1.tiff
tissue_seg@10x/GDPH-tissue-segmentation/GDPH-tissue-segmentation/1330408-R-HE-DX1.png,DP500-COAD_READ-GDPH_P01/part3/1330408-R-HE-DX1-class.tiff,DP500-COAD_READ-GDPH_P01/part3/1330408-R-HE-DX1-instance.tiff,DP500-COAD_READ-GDPH_P01/part3/1330408-R-HE-DX1.tiff
tissue_seg@10x/GDPH-tissue-segmentation/GDPH-tissue-segmentation/1330486-10-HE-DX1.png,DP500-COAD_READ-GDPH_P01/part3/1330486-10-HE-DX1-class.tiff,DP500-COAD_READ-GDPH_P01/part3/1330486-10-HE-DX1-instance.tiff,DP500-COAD_READ-GDPH_P01/part3/1330486-10-HE-DX1.tiff
tissue_seg@10x/GDPH-tissue-segmentation/GDPH-tissue-segmentation/1330541-9-HE-DX1.png,DP500-COAD_READ-GDPH_P01/part3/1330541-9-HE-DX1-class.tiff,DP500-COAD_READ-GDPH_P01/part3/1330541-9-HE-DX1-instance.tiff,DP500-COAD_READ-GDPH_P01/part3/1330541-9-HE-DX1.tiff
tissue_seg@10x/GDPH-tissue-segmentation/GDPH-tissue-segmentation/1331180-11-HE-DX1.png,DP500-COAD_READ-GDPH_P01/part3/1331180-11-HE-DX1-class.tiff,DP500-COAD_READ-GDPH_P01/part3/1331180-11-HE-DX1-instance.tiff,DP500-COAD_READ-GDPH_P01/part3/1331180-11-HE-DX1.tiff
tissue_seg@10x/GDPH-tissue-segmentation/GDPH-tissue-segmentation/1331257-R2-HE-DX1.png,DP500-COAD_READ-GDPH_P01/part3/1331257-R2-HE-DX1-class.tiff,DP500-COAD_READ-GDPH_P01/part3/1331257-R2-HE-DX1-instance.tiff,DP500-COAD_READ-GDPH_P01/part3/1331257-R2-HE-DX1.tiff
tissue_seg@10x/GDPH-tissue-segmentation/GDPH-tissue-segmentation/1331371-5-HE-DX1.png,DP500-COAD_READ-GDPH_P01/part3/1331371-5-HE-DX1-class.tiff,DP500-COAD_READ-GDPH_P01/part3/1331371-5-HE-DX1-instance.tiff,DP500-COAD_READ-GDPH_P01/part3/1331371-5-HE-DX1.tiff
tissue_seg@10x/GDPH-tissue-segmentation/GDPH-tissue-segmentation/1331768-6-HE-DX1.png,DP500-COAD_READ-GDPH_P01/part3/1331768-6-HE-DX1-class.tiff,DP500-COAD_READ-GDPH_P01/part3/1331768-6-HE-DX1-instance.tiff,DP500-COAD_READ-GDPH_P01/part3/1331768-6-HE-DX1.tiff
tissue_seg@10x/GDPH-tissue-segmentation/GDPH-tissue-segmentation/1332080-10-HE-DX1.png,DP500-COAD_READ-GDPH_P01/part3/1332080-10-HE-DX1-class.tiff,DP500-COAD_READ-GDPH_P01/part3/1332080-10-HE-DX1-instance.tiff,DP500-COAD_READ-GDPH_P01/part3/1332080-10-HE-DX1.tiff
tissue_seg@10x/GDPH-tissue-segmentation/GDPH-tissue-segmentation/1332146-11-HE-DX1.png,DP500-COAD_READ-GDPH_P01/part3/1332146-11-HE-DX1-class.tiff,DP500-COAD_READ-GDPH_P01/part3/1332146-11-HE-DX1-instance.tiff,DP500-COAD_READ-GDPH_P01/part3/1332146-11-HE-DX1.tiff
tissue_seg@10x/GDPH-tissue-segmentation/GDPH-tissue-segmentation/1332213-3-HE-DX1.png,DP500-COAD_READ-GDPH_P01/part3/1332213-3-HE-DX1-class.tiff,DP500-COAD_READ-GDPH_P01/part3/1332213-3-HE-DX1-instance.tiff,DP500-COAD_READ-GDPH_P01/part3/1332213-3-HE-DX1.tiff
tissue_seg@10x/GDPH-tissue-segmentation/GDPH-tissue-segmentation/1332382-12-HE-DX1.png,DP500-COAD_READ-GDPH_P01/part3/1332382-12-HE-DX1-class.tiff,DP500-COAD_READ-GDPH_P01/part3/1332382-12-HE-DX1-instance.tiff,DP500-COAD_READ-GDPH_P01/part3/1332382-12-HE-DX1.tiff
tissue_seg@10x/GDPH-tissue-segmentation/GDPH-tissue-segmentation/1333184-7-HE-DX1.png,DP500-COAD_READ-GDPH_P01/part3/1333184-7-HE-DX1-class.tiff,DP500-COAD_READ-GDPH_P01/part3/1333184-7-HE-DX1-instance.tiff,DP500-COAD_READ-GDPH_P01/part3/1333184-7-HE-DX1.tiff
tissue_seg@10x/GDPH-tissue-segmentation/GDPH-tissue-segmentation/1333324-9-HE-DX1.png,DP500-COAD_READ-GDPH_P01/part3/1333324-9-HE-DX1-class.tiff,DP500-COAD_READ-GDPH_P01/part3/1333324-9-HE-DX1-instance.tiff,DP500-COAD_READ-GDPH_P01/part3/1333324-9-HE-DX1.tiff
tissue_seg@10x/GDPH-tissue-segmentation/GDPH-tissue-segmentation/1333708-9-HE-DX1.png,DP500-COAD_READ-GDPH_P01/part3/1333708-9-HE-DX1-class.tiff,DP500-COAD_READ-GDPH_P01/part3/1333708-9-HE-DX1-instance.tiff,DP500-COAD_READ-GDPH_P01/part3/1333708-9-HE-DX1.tiff
tissue_seg@10x/GDPH-tissue-segmentation/GDPH-tissue-segmentation/1333709-11-HE-DX1.png,DP500-COAD_READ-GDPH_P01/part3/1333709-11-HE-DX1-class.tiff,DP500-COAD_READ-GDPH_P01/part3/1333709-11-HE-DX1-instance.tiff,DP500-COAD_READ-GDPH_P01/part3/1333709-11-HE-DX1.tiff
tissue_seg@10x/GDPH-tissue-segmentation/GDPH-tissue-segmentation/1334187-6-HE-DX1.png,DP500-COAD_READ-GDPH_P01/part3/1334187-6-HE-DX1-class.tiff,DP500-COAD_READ-GDPH_P01/part3/1334187-6-HE-DX1-instance.tiff,DP500-COAD_READ-GDPH_P01/part3/1334187-6-HE-DX1.tiff
tissue_seg@10x/GDPH-tissue-segmentation/GDPH-tissue-segmentation/1334292-6-HE-DX1.png,DP500-COAD_READ-GDPH_P01/part3/1334292-6-HE-DX1-class.tiff,DP500-COAD_READ-GDPH_P01/part3/1334292-6-HE-DX1-instance.tiff,DP500-COAD_READ-GDPH_P01/part3/1334292-6-HE-DX1.tiff
tissue_seg@10x/GDPH-tissue-segmentation/GDPH-tissue-segmentation/1334603-16-HE-DX1.png,DP500-COAD_READ-GDPH_P01/part3/1334603-16-HE-DX1-class.tiff,DP500-COAD_READ-GDPH_P01/part3/1334603-16-HE-DX1-instance.tiff,DP500-COAD_READ-GDPH_P01/part3/1334603-16-HE-DX1.tiff
tissue_seg@10x/GDPH-tissue-segmentation/GDPH-tissue-segmentation/1334770-12-HE-DX1.png,DP500-COAD_READ-GDPH_P01/part3/1334770-12-HE-DX1-class.tiff,DP500-COAD_READ-GDPH_P01/part3/1334770-12-HE-DX1-instance.tiff,DP500-COAD_READ-GDPH_P01/part3/1334770-12-HE-DX1.tiff
tissue_seg@10x/GDPH-tissue-segmentation/GDPH-tissue-segmentation/1335046-9-HE-DX1.png,DP500-COAD_READ-GDPH_P01/part3/1335046-9-HE-DX1-class.tiff,DP500-COAD_READ-GDPH_P01/part3/1335046-9-HE-DX1-instance.tiff,DP500-COAD_READ-GDPH_P01/part3/1335046-9-HE-DX1.tiff
tissue_seg@10x/GDPH-tissue-segmentation/GDPH-tissue-segmentation/1335090-8-HE-DX1.png,DP500-COAD_READ-GDPH_P01/part3/1335090-8-HE-DX1-class.tiff,DP500-COAD_READ-GDPH_P01/part3/1335090-8-HE-DX1-instance.tiff,DP500-COAD_READ-GDPH_P01/part3/1335090-8-HE-DX1.tiff
tissue_seg@10x/GDPH-tissue-segmentation/GDPH-tissue-segmentation/1335296-7-HE-DX1.png,DP500-COAD_READ-GDPH_P01/part3/1335296-7-HE-DX1-class.tiff,DP500-COAD_READ-GDPH_P01/part3/1335296-7-HE-DX1-instance.tiff,DP500-COAD_READ-GDPH_P01/part3/1335296-7-HE-DX1.tiff
tissue_seg@10x/GDPH-tissue-segmentation/GDPH-tissue-segmentation/1335361-R1-HE-DX1.png,DP500-COAD_READ-GDPH_P01/part3/1335361-R1-HE-DX1-class.tiff,DP500-COAD_READ-GDPH_P01/part3/1335361-R1-HE-DX1-instance.tiff,DP500-COAD_READ-GDPH_P01/part3/1335361-R1-HE-DX1.tiff
tissue_seg@10x/GDPH-tissue-segmentation/GDPH-tissue-segmentation/1335776-13-HE-DX1.png,DP500-COAD_READ-GDPH_P01/part3/1335776-13-HE-DX1-class.tiff,DP500-COAD_READ-GDPH_P01/part3/1335776-13-HE-DX1-instance.tiff,DP500-COAD_READ-GDPH_P01/part3/1335776-13-HE-DX1.tiff
tissue_seg@10x/GDPH-tissue-segmentation/GDPH-tissue-segmentation/1335877-11-HE-DX1.png,DP500-COAD_READ-GDPH_P01/part3/1335877-11-HE-DX1-class.tiff,DP500-COAD_READ-GDPH_P01/part3/1335877-11-HE-DX1-instance.tiff,DP500-COAD_READ-GDPH_P01/part3/1335877-11-HE-DX1.tiff
tissue_seg@10x/GDPH-tissue-segmentation/GDPH-tissue-segmentation/1335958-14-HE-DX1.png,DP500-COAD_READ-GDPH_P01/part3/1335958-14-HE-DX1-class.tiff,DP500-COAD_READ-GDPH_P01/part3/1335958-14-HE-DX1-instance.tiff,DP500-COAD_READ-GDPH_P01/part3/1335958-14-HE-DX1.tiff
tissue_seg@10x/GDPH-tissue-segmentation/GDPH-tissue-segmentation/1336123-3-HE-DX1.png,DP500-COAD_READ-GDPH_P01/part3/1336123-3-HE-DX1-class.tiff,DP500-COAD_READ-GDPH_P01/part3/1336123-3-HE-DX1-instance.tiff,DP500-COAD_READ-GDPH_P01/part3/1336123-3-HE-DX1.tiff
tissue_seg@10x/GDPH-tissue-segmentation/GDPH-tissue-segmentation/1336348-17-HE-DX1.png,DP500-COAD_READ-GDPH_P01/part3/1336348-17-HE-DX1-class.tiff,DP500-COAD_READ-GDPH_P01/part3/1336348-17-HE-DX1-instance.tiff,DP500-COAD_READ-GDPH_P01/part3/1336348-17-HE-DX1.tiff
tissue_seg@10x/GDPH-tissue-segmentation/GDPH-tissue-segmentation/1336611-6-HE-DX1.png,DP500-COAD_READ-GDPH_P01/part3/1336611-6-HE-DX1-class.tiff,DP500-COAD_READ-GDPH_P01/part3/1336611-6-HE-DX1-instance.tiff,DP500-COAD_READ-GDPH_P01/part3/1336611-6-HE-DX1.tiff
tissue_seg@10x/GDPH-tissue-segmentation/GDPH-tissue-segmentation/1336614-18-HE-DX1.png,DP500-COAD_READ-GDPH_P01/part3/1336614-18-HE-DX1-class.tiff,DP500-COAD_READ-GDPH_P01/part3/1336614-18-HE-DX1-instance.tiff,DP500-COAD_READ-GDPH_P01/part3/1336614-18-HE-DX1.tiff
tissue_seg@10x/GDPH-tissue-segmentation/GDPH-tissue-segmentation/1336805-7-HE-DX1.png,DP500-COAD_READ-GDPH_P01/part3/1336805-7-HE-DX1-class.tiff,DP500-COAD_READ-GDPH_P01/part3/1336805-7-HE-DX1-instance.tiff,DP500-COAD_READ-GDPH_P01/part3/1336805-7-HE-DX1.tiff
tissue_seg@10x/GDPH-tissue-segmentation/GDPH-tissue-segmentation/1337728-4-HE-DX1.png,DP500-COAD_READ-GDPH_P01/part3/1337728-4-HE-DX1-class.tiff,DP500-COAD_READ-GDPH_P01/part3/1337728-4-HE-DX1-instance.tiff,DP500-COAD_READ-GDPH_P01/part3/1337728-4-HE-DX1.tiff
tissue_seg@10x/GDPH-tissue-segmentation/GDPH-tissue-segmentation/1337842-3-HE-DX1.png,DP500-COAD_READ-GDPH_P01/part3/1337842-3-HE-DX1-class.tiff,DP500-COAD_READ-GDPH_P01/part3/1337842-3-HE-DX1-instance.tiff,DP500-COAD_READ-GDPH_P01/part3/1337842-3-HE-DX1.tiff
tissue_seg@10x/GDPH-tissue-segmentation/GDPH-tissue-segmentation/1338454-11-HE-DX1.png,DP500-COAD_READ-GDPH_P01/part3/1338454-11-HE-DX1-class.tiff,DP500-COAD_READ-GDPH_P01/part3/1338454-11-HE-DX1-instance.tiff,DP500-COAD_READ-GDPH_P01/part3/1338454-11-HE-DX1.tiff
tissue_seg@10x/GDPH-tissue-segmentation/GDPH-tissue-segmentation/1339032-4-HE-DX1.png,DP500-COAD_READ-GDPH_P01/part3/1339032-4-HE-DX1-class.tiff,DP500-COAD_READ-GDPH_P01/part3/1339032-4-HE-DX1-instance.tiff,DP500-COAD_READ-GDPH_P01/part3/1339032-4-HE-DX1.tiff
tissue_seg@10x/GDPH-tissue-segmentation/GDPH-tissue-segmentation/1339044-5-HE-DX1.png,DP500-COAD_READ-GDPH_P01/part3/1339044-5-HE-DX1-class.tiff,DP500-COAD_READ-GDPH_P01/part3/1339044-5-HE-DX1-instance.tiff,DP500-COAD_READ-GDPH_P01/part3/1339044-5-HE-DX1.tiff
tissue_seg@10x/GDPH-tissue-segmentation/GDPH-tissue-segmentation/1339265-6-HE-DX1.png,DP500-COAD_READ-GDPH_P01/part3/1339265-6-HE-DX1-class.tiff,DP500-COAD_READ-GDPH_P01/part3/1339265-6-HE-DX1-instance.tiff,DP500-COAD_READ-GDPH_P01/part3/1339265-6-HE-DX1.tiff
tissue_seg@10x/GDPH-tissue-segmentation/GDPH-tissue-segmentation/1339321-3-HE-DX1.png,DP500-COAD_READ-GDPH_P01/part3/1339321-3-HE-DX1-class.tiff,DP500-COAD_READ-GDPH_P01/part3/1339321-3-HE-DX1-instance.tiff,DP500-COAD_READ-GDPH_P01/part3/1339321-3-HE-DX1.tiff
tissue_seg@10x/GDPH-tissue-segmentation/GDPH-tissue-segmentation/1339321-5-HE-DX1.png,DP500-COAD_READ-GDPH_P01/part3/1339321-5-HE-DX1-class.tiff,DP500-COAD_READ-GDPH_P01/part3/1339321-5-HE-DX1-instance.tiff,DP500-COAD_READ-GDPH_P01/part3/1339321-5-HE-DX1.tiff
tissue_seg@10x/GDPH-tissue-segmentation/GDPH-tissue-segmentation/1339449-5-HE-DX1.png,DP500-COAD_READ-GDPH_P01/part3/1339449-5-HE-DX1-class.tiff,DP500-COAD_READ-GDPH_P01/part3/1339449-5-HE-DX1-instance.tiff,DP500-COAD_READ-GDPH_P01/part3/1339449-5-HE-DX1.tiff
tissue_seg@10x/GDPH-tissue-segmentation/GDPH-tissue-segmentation/1340419-7-HE-DX1.png,DP500-COAD_READ-GDPH_P01/part3/1340419-7-HE-DX1-class.tiff,DP500-COAD_READ-GDPH_P01/part3/1340419-7-HE-DX1-instance.tiff,DP500-COAD_READ-GDPH_P01/part3/1340419-7-HE-DX1.tiff
tissue_seg@10x/GDPH-tissue-segmentation/GDPH-tissue-segmentation/1340467-8-HE-DX1.png,DP500-COAD_READ-GDPH_P01/part3/1340467-8-HE-DX1-class.tiff,DP500-COAD_READ-GDPH_P01/part3/1340467-8-HE-DX1-instance.tiff,DP500-COAD_READ-GDPH_P01/part3/1340467-8-HE-DX1.tiff
tissue_seg@10x/GDPH-tissue-segmentation/GDPH-tissue-segmentation/1340468-6-HE-DX1.png,DP500-COAD_READ-GDPH_P01/part3/1340468-6-HE-DX1-class.tiff,DP500-COAD_READ-GDPH_P01/part3/1340468-6-HE-DX1-instance.tiff,DP500-COAD_READ-GDPH_P01/part3/1340468-6-HE-DX1.tiff
tissue_seg@10x/GDPH-tissue-segmentation/GDPH-tissue-segmentation/1340700-14-HE-DX1.png,DP500-COAD_READ-GDPH_P01/part3/1340700-14-HE-DX1-class.tiff,DP500-COAD_READ-GDPH_P01/part3/1340700-14-HE-DX1-instance.tiff,DP500-COAD_READ-GDPH_P01/part3/1340700-14-HE-DX1.tiff
tissue_seg@10x/GDPH-tissue-segmentation/GDPH-tissue-segmentation/1340913-12-HE-DX1.png,DP500-COAD_READ-GDPH_P01/part3/1340913-12-HE-DX1-class.tiff,DP500-COAD_READ-GDPH_P01/part3/1340913-12-HE-DX1-instance.tiff,DP500-COAD_READ-GDPH_P01/part3/1340913-12-HE-DX1.tiff
tissue_seg@10x/GDPH-tissue-segmentation/GDPH-tissue-segmentation/1341212-6-HE-DX1.png,DP500-COAD_READ-GDPH_P01/part3/1341212-6-HE-DX1-class.tiff,DP500-COAD_READ-GDPH_P01/part3/1341212-6-HE-DX1-instance.tiff,DP500-COAD_READ-GDPH_P01/part3/1341212-6-HE-DX1.tiff
tissue_seg@10x/GDPH-tissue-segmentation/GDPH-tissue-segmentation/1341331-15-HE-DX1.png,DP500-COAD_READ-GDPH_P01/part3/1341331-15-HE-DX1-class.tiff,DP500-COAD_READ-GDPH_P01/part3/1341331-15-HE-DX1-instance.tiff,DP500-COAD_READ-GDPH_P01/part3/1341331-15-HE-DX1.tiff
tissue_seg@10x/GDPH-tissue-segmentation/GDPH-tissue-segmentation/1341336-8-HE-DX1.png,DP500-COAD_READ-GDPH_P01/part3/1341336-8-HE-DX1-class.tiff,DP500-COAD_READ-GDPH_P01/part3/1341336-8-HE-DX1-instance.tiff,DP500-COAD_READ-GDPH_P01/part3/1341336-8-HE-DX1.tiff
tissue_seg@10x/GDPH-tissue-segmentation/GDPH-tissue-segmentation/1341507-7-HE-DX1.png,DP500-COAD_READ-GDPH_P01/part3/1341507-7-HE-DX1-class.tiff,DP500-COAD_READ-GDPH_P01/part3/1341507-7-HE-DX1-instance.tiff,DP500-COAD_READ-GDPH_P01/part3/1341507-7-HE-DX1.tiff
tissue_seg@10x/GDPH-tissue-segmentation/GDPH-tissue-segmentation/1341988-7-HE-DX1.png,DP500-COAD_READ-GDPH_P01/part3/1341988-7-HE-DX1-class.tiff,DP500-COAD_READ-GDPH_P01/part3/1341988-7-HE-DX1-instance.tiff,DP500-COAD_READ-GDPH_P01/part3/1341988-7-HE-DX1.tiff
tissue_seg@10x/GDPH-tissue-segmentation/GDPH-tissue-segmentation/1341994-8-HE-DX1.png,DP500-COAD_READ-GDPH_P01/part3/1341994-8-HE-DX1-class.tiff,DP500-COAD_READ-GDPH_P01/part3/1341994-8-HE-DX1-instance.tiff,DP500-COAD_READ-GDPH_P01/part3/1341994-8-HE-DX1.tiff
tissue_seg@10x/GDPH-tissue-segmentation/GDPH-tissue-segmentation/1342353-6-HE-DX1.png,DP500-COAD_READ-GDPH_P01/part3/1342353-6-HE-DX1-class.tiff,DP500-COAD_READ-GDPH_P01/part3/1342353-6-HE-DX1-instance.tiff,DP500-COAD_READ-GDPH_P01/part3/1342353-6-HE-DX1.tiff
tissue_seg@10x/GDPH-tissue-segmentation/GDPH-tissue-segmentation/1342951-10-HE-DX1.png,DP500-COAD_READ-GDPH_P01/part3/1342951-10-HE-DX1-class.tiff,DP500-COAD_READ-GDPH_P01/part3/1342951-10-HE-DX1-instance.tiff,DP500-COAD_READ-GDPH_P01/part3/1342951-10-HE-DX1.tiff
tissue_seg@10x/GDPH-tissue-segmentation/GDPH-tissue-segmentation/1343249-4-HE-DX1.png,DP500-COAD_READ-GDPH_P01/part3/1343249-4-HE-DX1-class.tiff,DP500-COAD_READ-GDPH_P01/part3/1343249-4-HE-DX1-instance.tiff,DP500-COAD_READ-GDPH_P01/part3/1343249-4-HE-DX1.tiff
tissue_seg@10x/GDPH-tissue-segmentation/GDPH-tissue-segmentation/1343311-8-HE-DX1.png,DP500-COAD_READ-GDPH_P01/part3/1343311-8-HE-DX1-class.tiff,DP500-COAD_READ-GDPH_P01/part3/1343311-8-HE-DX1-instance.tiff,DP500-COAD_READ-GDPH_P01/part3/1343311-8-HE-DX1.tiff
tissue_seg@10x/GDPH-tissue-segmentation/GDPH-tissue-segmentation/1343514-5-HE-DX1.png,DP500-COAD_READ-GDPH_P01/part3/1343514-5-HE-DX1-class.tiff,DP500-COAD_READ-GDPH_P01/part3/1343514-5-HE-DX1-instance.tiff,DP500-COAD_READ-GDPH_P01/part3/1343514-5-HE-DX1.tiff
tissue_seg@10x/GDPH-tissue-segmentation/GDPH-tissue-segmentation/1343640-12-HE-DX1.png,DP500-COAD_READ-GDPH_P01/part3/1343640-12-HE-DX1-class.tiff,DP500-COAD_READ-GDPH_P01/part3/1343640-12-HE-DX1-instance.tiff,DP500-COAD_READ-GDPH_P01/part3/1343640-12-HE-DX1.tiff
tissue_seg@10x/GDPH-tissue-segmentation/GDPH-tissue-segmentation/1343647-14-HE-DX1.png,DP500-COAD_READ-GDPH_P01/part3/1343647-14-HE-DX1-class.tiff,DP500-COAD_READ-GDPH_P01/part3/1343647-14-HE-DX1-instance.tiff,DP500-COAD_READ-GDPH_P01/part3/1343647-14-HE-DX1.tiff
tissue_seg@10x/GDPH-tissue-segmentation/GDPH-tissue-segmentation/1343726-7-HE-DX1.png,DP500-COAD_READ-GDPH_P01/part3/1343726-7-HE-DX1-class.tiff,DP500-COAD_READ-GDPH_P01/part3/1343726-7-HE-DX1-instance.tiff,DP500-COAD_READ-GDPH_P01/part3/1343726-7-HE-DX1.tiff
tissue_seg@10x/GDPH-tissue-segmentation/GDPH-tissue-segmentation/1343968-3-HE-DX1.png,DP500-COAD_READ-GDPH_P01/part3/1343968-3-HE-DX1-class.tiff,DP500-COAD_READ-GDPH_P01/part3/1343968-3-HE-DX1-instance.tiff,DP500-COAD_READ-GDPH_P01/part3/1343968-3-HE-DX1.tiff
tissue_seg@10x/GDPH-tissue-segmentation/GDPH-tissue-segmentation/1344103-13-HE-DX1.png,DP500-COAD_READ-GDPH_P01/part3/1344103-13-HE-DX1-class.tiff,DP500-COAD_READ-GDPH_P01/part3/1344103-13-HE-DX1-instance.tiff,DP500-COAD_READ-GDPH_P01/part3/1344103-13-HE-DX1.tiff
tissue_seg@10x/GDPH-tissue-segmentation/GDPH-tissue-segmentation/1344216-3-HE-DX1.png,DP500-COAD_READ-GDPH_P01/part3/1344216-3-HE-DX1-class.tiff,DP500-COAD_READ-GDPH_P01/part3/1344216-3-HE-DX1-instance.tiff,DP500-COAD_READ-GDPH_P01/part3/1344216-3-HE-DX1.tiff
tissue_seg@10x/GDPH-tissue-segmentation/GDPH-tissue-segmentation/1344381-4-HE-DX1.png,DP500-COAD_READ-GDPH_P01/part3/1344381-4-HE-DX1-class.tiff,DP500-COAD_READ-GDPH_P01/part3/1344381-4-HE-DX1-instance.tiff,DP500-COAD_READ-GDPH_P01/part3/1344381-4-HE-DX1.tiff
tissue_seg@10x/GDPH-tissue-segmentation/GDPH-tissue-segmentation/1344382-3-HE-DX1-S01.png,DP500-COAD_READ-GDPH_P01/part3/1344382-3-HE-DX1-S01-class.tiff,DP500-COAD_READ-GDPH_P01/part3/1344382-3-HE-DX1-S01-instance.tiff,DP500-COAD_READ-GDPH_P01/part3/1344382-3-HE-DX1-S01.tiff
tissue_seg@10x/GDPH-tissue-segmentation/GDPH-tissue-segmentation/1344382-3-HE-DX1-S02.png,DP500-COAD_READ-GDPH_P01/part3/1344382-3-HE-DX1-S02-class.tiff,DP500-COAD_READ-GDPH_P01/part3/1344382-3-HE-DX1-S02-instance.tiff,DP500-COAD_READ-GDPH_P01/part3/1344382-3-HE-DX1-S02.tiff
tissue_seg@10x/GDPH-tissue-segmentation/GDPH-tissue-segmentation/1344857-3-HE-DX1.png,DP500-COAD_READ-GDPH_P01/part3/1344857-3-HE-DX1-class.tiff,DP500-COAD_READ-GDPH_P01/part3/1344857-3-HE-DX1-instance.tiff,DP500-COAD_READ-GDPH_P01/part3/1344857-3-HE-DX1.tiff
tissue_seg@10x/GDPH-tissue-segmentation/GDPH-tissue-segmentation/1345057-15-HE-DX1.png,DP500-COAD_READ-GDPH_P01/part3/1345057-15-HE-DX1-class.tiff,DP500-COAD_READ-GDPH_P01/part3/1345057-15-HE-DX1-instance.tiff,DP500-COAD_READ-GDPH_P01/part3/1345057-15-HE-DX1.tiff
tissue_seg@10x/GDPH-tissue-segmentation/GDPH-tissue-segmentation/1345311-6-HE-DX1.png,DP500-COAD_READ-GDPH_P01/part3/1345311-6-HE-DX1-class.tiff,DP500-COAD_READ-GDPH_P01/part3/1345311-6-HE-DX1-instance.tiff,DP500-COAD_READ-GDPH_P01/part3/1345311-6-HE-DX1.tiff
tissue_seg@10x/GDPH-tissue-segmentation/GDPH-tissue-segmentation/1400523-5-HE-DX1.png,DP500-COAD_READ-GDPH_P01/part3/1400523-5-HE-DX1-class.tiff,DP500-COAD_READ-GDPH_P01/part3/1400523-5-HE-DX1-instance.tiff,DP500-COAD_READ-GDPH_P01/part3/1400523-5-HE-DX1.tiff
tissue_seg@10x/GDPH-tissue-segmentation/GDPH-tissue-segmentation/1400978-8-HE-DX1.png,DP500-COAD_READ-GDPH_P01/part3/1400978-8-HE-DX1-class.tiff,DP500-COAD_READ-GDPH_P01/part3/1400978-8-HE-DX1-instance.tiff,DP500-COAD_READ-GDPH_P01/part3/1400978-8-HE-DX1.tiff
tissue_seg@10x/GDPH-tissue-segmentation/GDPH-tissue-segmentation/1401005-12-HE-DX1.png,DP500-COAD_READ-GDPH_P01/part3/1401005-12-HE-DX1-class.tiff,DP500-COAD_READ-GDPH_P01/part3/1401005-12-HE-DX1-instance.tiff,DP500-COAD_READ-GDPH_P01/part3/1401005-12-HE-DX1.tiff
tissue_seg@10x/GDPH-tissue-segmentation/GDPH-tissue-segmentation/1401520-7-HE-DX1.png,DP500-COAD_READ-GDPH_P01/part3/1401520-7-HE-DX1-class.tiff,DP500-COAD_READ-GDPH_P01/part3/1401520-7-HE-DX1-instance.tiff,DP500-COAD_READ-GDPH_P01/part3/1401520-7-HE-DX1.tiff
tissue_seg@10x/GDPH-tissue-segmentation/GDPH-tissue-segmentation/1401616-9-HE-DX1.png,DP500-COAD_READ-GDPH_P01/part3/1401616-9-HE-DX1-class.tiff,DP500-COAD_READ-GDPH_P01/part3/1401616-9-HE-DX1-instance.tiff,DP500-COAD_READ-GDPH_P01/part3/1401616-9-HE-DX1.tiff
tissue_seg@10x/GDPH-tissue-segmentation/GDPH-tissue-segmentation/1401687-9-HE-DX1.png,DP500-COAD_READ-GDPH_P01/part3/1401687-9-HE-DX1-class.tiff,DP500-COAD_READ-GDPH_P01/part3/1401687-9-HE-DX1-instance.tiff,DP500-COAD_READ-GDPH_P01/part3/1401687-9-HE-DX1.tiff
tissue_seg@10x/GDPH-tissue-segmentation/GDPH-tissue-segmentation/1401713-3-HE-DX1.png,DP500-COAD_READ-GDPH_P01/part3/1401713-3-HE-DX1-class.tiff,DP500-COAD_READ-GDPH_P01/part3/1401713-3-HE-DX1-instance.tiff,DP500-COAD_READ-GDPH_P01/part3/1401713-3-HE-DX1.tiff
tissue_seg@10x/GDPH-tissue-segmentation/GDPH-tissue-segmentation/1401783-3-HE-DX1.png,DP500-COAD_READ-GDPH_P01/part3/1401783-3-HE-DX1-class.tiff,DP500-COAD_READ-GDPH_P01/part3/1401783-3-HE-DX1-instance.tiff,DP500-COAD_READ-GDPH_P01/part3/1401783-3-HE-DX1.tiff
tissue_seg@10x/GDPH-tissue-segmentation/GDPH-tissue-segmentation/1402368-4-HE-DX1.png,DP500-COAD_READ-GDPH_P01/part3/1402368-4-HE-DX1-class.tiff,DP500-COAD_READ-GDPH_P01/part3/1402368-4-HE-DX1-instance.tiff,DP500-COAD_READ-GDPH_P01/part3/1402368-4-HE-DX1.tiff
tissue_seg@10x/GDPH-tissue-segmentation/GDPH-tissue-segmentation/1402769-10-HE-DX1.png,DP500-COAD_READ-GDPH_P01/part3/1402769-10-HE-DX1-class.tiff,DP500-COAD_READ-GDPH_P01/part3/1402769-10-HE-DX1-instance.tiff,DP500-COAD_READ-GDPH_P01/part3/1402769-10-HE-DX1.tiff
tissue_seg@10x/GDPH-tissue-segmentation/GDPH-tissue-segmentation/1403143-4-HE-DX1.png,DP500-COAD_READ-GDPH_P01/part3/1403143-4-HE-DX1-class.tiff,DP500-COAD_READ-GDPH_P01/part3/1403143-4-HE-DX1-instance.tiff,DP500-COAD_READ-GDPH_P01/part3/1403143-4-HE-DX1.tiff
tissue_seg@10x/GDPH-tissue-segmentation/GDPH-tissue-segmentation/1403183-5-HE-DX1.png,DP500-COAD_READ-GDPH_P01/part3/1403183-5-HE-DX1-class.tiff,DP500-COAD_READ-GDPH_P01/part3/1403183-5-HE-DX1-instance.tiff,DP500-COAD_READ-GDPH_P01/part3/1403183-5-HE-DX1.tiff
tissue_seg@10x/GDPH-tissue-segmentation/GDPH-tissue-segmentation/1403281-NA-HE-DX1.png,DP500-COAD_READ-GDPH_P01/part3/1403281-NA-HE-DX1-class.tiff,DP500-COAD_READ-GDPH_P01/part3/1403281-NA-HE-DX1-instance.tiff,DP500-COAD_READ-GDPH_P01/part3/1403281-NA-HE-DX1.tiff
tissue_seg@10x/GDPH-tissue-segmentation/GDPH-tissue-segmentation/1403292-4-HE-DX1.png,DP500-COAD_READ-GDPH_P01/part3/1403292-4-HE-DX1-class.tiff,DP500-COAD_READ-GDPH_P01/part3/1403292-4-HE-DX1-instance.tiff,DP500-COAD_READ-GDPH_P01/part3/1403292-4-HE-DX1.tiff
tissue_seg@10x/GDPH-tissue-segmentation/GDPH-tissue-segmentation/1403712-4-HE-DX1.png,DP500-COAD_READ-GDPH_P01/part3/1403712-4-HE-DX1-class.tiff,DP500-COAD_READ-GDPH_P01/part3/1403712-4-HE-DX1-instance.tiff,DP500-COAD_READ-GDPH_P01/part3/1403712-4-HE-DX1.tiff
tissue_seg@10x/GDPH-tissue-segmentation/GDPH-tissue-segmentation/1403858-12-HE-DX1.png,DP500-COAD_READ-GDPH_P01/part3/1403858-12-HE-DX1-class.tiff,DP500-COAD_READ-GDPH_P01/part3/1403858-12-HE-DX1-instance.tiff,DP500-COAD_READ-GDPH_P01/part3/1403858-12-HE-DX1.tiff
tissue_seg@10x/GDPH-tissue-segmentation/GDPH-tissue-segmentation/1404051-14-HE-DX1.png,DP500-COAD_READ-GDPH_P01/part3/1404051-14-HE-DX1-class.tiff,DP500-COAD_READ-GDPH_P01/part3/1404051-14-HE-DX1-instance.tiff,DP500-COAD_READ-GDPH_P01/part3/1404051-14-HE-DX1.tiff
tissue_seg@10x/GDPH-tissue-segmentation/GDPH-tissue-segmentation/1404160-4-HE-DX1.png,DP500-COAD_READ-GDPH_P01/part3/1404160-4-HE-DX1-class.tiff,DP500-COAD_READ-GDPH_P01/part3/1404160-4-HE-DX1-instance.tiff,DP500-COAD_READ-GDPH_P01/part3/1404160-4-HE-DX1.tiff
tissue_seg@10x/GDPH-tissue-segmentation/GDPH-tissue-segmentation/1404509-11-HE-DX1.png,DP500-COAD_READ-GDPH_P01/part3/1404509-11-HE-DX1-class.tiff,DP500-COAD_READ-GDPH_P01/part3/1404509-11-HE-DX1-instance.tiff,DP500-COAD_READ-GDPH_P01/part3/1404509-11-HE-DX1.tiff
tissue_seg@10x/GDPH-tissue-segmentation/GDPH-tissue-segmentation/1404727-5-HE-DX1.png,DP500-COAD_READ-GDPH_P01/part3/1404727-5-HE-DX1-class.tiff,DP500-COAD_READ-GDPH_P01/part3/1404727-5-HE-DX1-instance.tiff,DP500-COAD_READ-GDPH_P01/part3/1404727-5-HE-DX1.tiff
tissue_seg@10x/GDPH-tissue-segmentation/GDPH-tissue-segmentation/1404958-14-HE-DX1.png,DP500-COAD_READ-GDPH_P01/part3/1404958-14-HE-DX1-class.tiff,DP500-COAD_READ-GDPH_P01/part3/1404958-14-HE-DX1-instance.tiff,DP500-COAD_READ-GDPH_P01/part3/1404958-14-HE-DX1.tiff
tissue_seg@10x/GDPH-tissue-segmentation/GDPH-tissue-segmentation/1405189-11-HE-DX1.png,DP500-COAD_READ-GDPH_P01/part3/1405189-11-HE-DX1-class.tiff,DP500-COAD_READ-GDPH_P01/part3/1405189-11-HE-DX1-instance.tiff,DP500-COAD_READ-GDPH_P01/part3/1405189-11-HE-DX1.tiff
tissue_seg@10x/GDPH-tissue-segmentation/GDPH-tissue-segmentation/1406099-6-HE-DX1.png,DP500-COAD_READ-GDPH_P01/part3/1406099-6-HE-DX1-class.tiff,DP500-COAD_READ-GDPH_P01/part3/1406099-6-HE-DX1-instance.tiff,DP500-COAD_READ-GDPH_P01/part3/1406099-6-HE-DX1.tiff
tissue_seg@10x/GDPH-tissue-segmentation/GDPH-tissue-segmentation/1406159-11-HE-DX1.png,DP500-COAD_READ-GDPH_P01/part3/1406159-11-HE-DX1-class.tiff,DP500-COAD_READ-GDPH_P01/part3/1406159-11-HE-DX1-instance.tiff,DP500-COAD_READ-GDPH_P01/part3/1406159-11-HE-DX1.tiff
tissue_seg@10x/GDPH-tissue-segmentation/GDPH-tissue-segmentation/1406360-8-HE-DX1.png,DP500-COAD_READ-GDPH_P01/part3/1406360-8-HE-DX1-class.tiff,DP500-COAD_READ-GDPH_P01/part3/1406360-8-HE-DX1-instance.tiff,DP500-COAD_READ-GDPH_P01/part3/1406360-8-HE-DX1.tiff
tissue_seg@10x/GDPH-tissue-segmentation/GDPH-tissue-segmentation/1406696-4-HE-DX1.png,DP500-COAD_READ-GDPH_P01/part3/1406696-4-HE-DX1-class.tiff,DP500-COAD_READ-GDPH_P01/part3/1406696-4-HE-DX1-instance.tiff,DP500-COAD_READ-GDPH_P01/part3/1406696-4-HE-DX1.tiff
tissue_seg@10x/GDPH-tissue-segmentation/GDPH-tissue-segmentation/1407010-11-HE-DX1.png,DP500-COAD_READ-GDPH_P01/part3/1407010-11-HE-DX1-class.tiff,DP500-COAD_READ-GDPH_P01/part3/1407010-11-HE-DX1-instance.tiff,DP500-COAD_READ-GDPH_P01/part3/1407010-11-HE-DX1.tiff
tissue_seg@10x/GDPH-tissue-segmentation/GDPH-tissue-segmentation/1407123-8-HE-DX1.png,DP500-COAD_READ-GDPH_P01/part3/1407123-8-HE-DX1-class.tiff,DP500-COAD_READ-GDPH_P01/part3/1407123-8-HE-DX1-instance.tiff,DP500-COAD_READ-GDPH_P01/part3/1407123-8-HE-DX1.tiff
tissue_seg@10x/GDPH-tissue-segmentation/GDPH-tissue-segmentation/1407338-12-HE-DX1.png,DP500-COAD_READ-GDPH_P01/part3/1407338-12-HE-DX1-class.tiff,DP500-COAD_READ-GDPH_P01/part3/1407338-12-HE-DX1-instance.tiff,DP500-COAD_READ-GDPH_P01/part3/1407338-12-HE-DX1.tiff
tissue_seg@10x/GDPH-tissue-segmentation/GDPH-tissue-segmentation/1407688-5-HE-DX1.png,DP500-COAD_READ-GDPH_P01/part3/1407688-5-HE-DX1-class.tiff,DP500-COAD_READ-GDPH_P01/part3/1407688-5-HE-DX1-instance.tiff,DP500-COAD_READ-GDPH_P01/part3/1407688-5-HE-DX1.tiff
tissue_seg@10x/GDPH-tissue-segmentation/GDPH-tissue-segmentation/1407929-18-HE-DX1.png,DP500-COAD_READ-GDPH_P01/part3/1407929-18-HE-DX1-class.tiff,DP500-COAD_READ-GDPH_P01/part3/1407929-18-HE-DX1-instance.tiff,DP500-COAD_READ-GDPH_P01/part3/1407929-18-HE-DX1.tiff
tissue_seg@10x/GDPH-tissue-segmentation/GDPH-tissue-segmentation/1408014-3-HE-DX1.png,DP500-COAD_READ-GDPH_P01/part3/1408014-3-HE-DX1-class.tiff,DP500-COAD_READ-GDPH_P01/part3/1408014-3-HE-DX1-instance.tiff,DP500-COAD_READ-GDPH_P01/part3/1408014-3-HE-DX1.tiff
tissue_seg@10x/GDPH-tissue-segmentation/GDPH-tissue-segmentation/1408081-23-HE-DX1.png,DP500-COAD_READ-GDPH_P01/part3/1408081-23-HE-DX1-class.tiff,DP500-COAD_READ-GDPH_P01/part3/1408081-23-HE-DX1-instance.tiff,DP500-COAD_READ-GDPH_P01/part3/1408081-23-HE-DX1.tiff
tissue_seg@10x/GDPH-tissue-segmentation/GDPH-tissue-segmentation/1408334-6-HE-DX1.png,DP500-COAD_READ-GDPH_P01/part3/1408334-6-HE-DX1-class.tiff,DP500-COAD_READ-GDPH_P01/part3/1408334-6-HE-DX1-instance.tiff,DP500-COAD_READ-GDPH_P01/part3/1408334-6-HE-DX1.tiff
tissue_seg@10x/GDPH-tissue-segmentation/GDPH-tissue-segmentation/1408461-6-HE-DX1.png,DP500-COAD_READ-GDPH_P01/part3/1408461-6-HE-DX1-class.tiff,DP500-COAD_READ-GDPH_P01/part3/1408461-6-HE-DX1-instance.tiff,DP500-COAD_READ-GDPH_P01/part3/1408461-6-HE-DX1.tiff
tissue_seg@10x/GDPH-tissue-segmentation/GDPH-tissue-segmentation/1408862-6-HE-DX1.png,DP500-COAD_READ-GDPH_P01/part3/1408862-6-HE-DX1-class.tiff,DP500-COAD_READ-GDPH_P01/part3/1408862-6-HE-DX1-instance.tiff,DP500-COAD_READ-GDPH_P01/part3/1408862-6-HE-DX1.tiff
tissue_seg@10x/GDPH-tissue-segmentation/GDPH-tissue-segmentation/1409435-R1-HE-DX1.png,DP500-COAD_READ-GDPH_P01/part3/1409435-R1-HE-DX1-class.tiff,DP500-COAD_READ-GDPH_P01/part3/1409435-R1-HE-DX1-instance.tiff,DP500-COAD_READ-GDPH_P01/part3/1409435-R1-HE-DX1.tiff
tissue_seg@10x/GDPH-tissue-segmentation/GDPH-tissue-segmentation/1409557-8-HE-DX1.png,DP500-COAD_READ-GDPH_P01/part3/1409557-8-HE-DX1-class.tiff,DP500-COAD_READ-GDPH_P01/part3/1409557-8-HE-DX1-instance.tiff,DP500-COAD_READ-GDPH_P01/part3/1409557-8-HE-DX1.tiff
tissue_seg@10x/GDPH-tissue-segmentation/GDPH-tissue-segmentation/1410168-8-HE-DX1.png,DP500-COAD_READ-GDPH_P01/part3/1410168-8-HE-DX1-class.tiff,DP500-COAD_READ-GDPH_P01/part3/1410168-8-HE-DX1-instance.tiff,DP500-COAD_READ-GDPH_P01/part3/1410168-8-HE-DX1.tiff
tissue_seg@10x/GDPH-tissue-segmentation/GDPH-tissue-segmentation/1410750-11-HE-DX1.png,DP500-COAD_READ-GDPH_P01/part3/1410750-11-HE-DX1-class.tiff,DP500-COAD_READ-GDPH_P01/part3/1410750-11-HE-DX1-instance.tiff,DP500-COAD_READ-GDPH_P01/part3/1410750-11-HE-DX1.tiff
tissue_seg@10x/GDPH-tissue-segmentation/GDPH-tissue-segmentation/1410751-4-HE-DX1.png,DP500-COAD_READ-GDPH_P01/part3/1410751-4-HE-DX1-class.tiff,DP500-COAD_READ-GDPH_P01/part3/1410751-4-HE-DX1-instance.tiff,DP500-COAD_READ-GDPH_P01/part3/1410751-4-HE-DX1.tiff
tissue_seg@10x/GDPH-tissue-segmentation/GDPH-tissue-segmentation/1411091-14-HE-DX1.png,DP500-COAD_READ-GDPH_P01/part3/1411091-14-HE-DX1-class.tiff,DP500-COAD_READ-GDPH_P01/part3/1411091-14-HE-DX1-instance.tiff,DP500-COAD_READ-GDPH_P01/part3/1411091-14-HE-DX1.tiff
tissue_seg@10x/GDPH-tissue-segmentation/GDPH-tissue-segmentation/1411285-11-HE-DX1.png,DP500-COAD_READ-GDPH_P01/part3/1411285-11-HE-DX1-class.tiff,DP500-COAD_READ-GDPH_P01/part3/1411285-11-HE-DX1-instance.tiff,DP500-COAD_READ-GDPH_P01/part3/1411285-11-HE-DX1.tiff
tissue_seg@10x/GDPH-tissue-segmentation/GDPH-tissue-segmentation/1411307-8-HE-DX1.png,DP500-COAD_READ-GDPH_P01/part3/1411307-8-HE-DX1-class.tiff,DP500-COAD_READ-GDPH_P01/part3/1411307-8-HE-DX1-instance.tiff,DP500-COAD_READ-GDPH_P01/part3/1411307-8-HE-DX1.tiff
tissue_seg@10x/GDPH-tissue-segmentation/GDPH-tissue-segmentation/1411869-R1-HE-DX1.png,DP500-COAD_READ-GDPH_P01/part3/1411869-R1-HE-DX1-class.tiff,DP500-COAD_READ-GDPH_P01/part3/1411869-R1-HE-DX1-instance.tiff,DP500-COAD_READ-GDPH_P01/part3/1411869-R1-HE-DX1.tiff
tissue_seg@10x/GDPH-tissue-segmentation/GDPH-tissue-segmentation/1411952-8-HE-DX1.png,DP500-COAD_READ-GDPH_P01/part3/1411952-8-HE-DX1-class.tiff,DP500-COAD_READ-GDPH_P01/part3/1411952-8-HE-DX1-instance.tiff,DP500-COAD_READ-GDPH_P01/part3/1411952-8-HE-DX1.tiff
tissue_seg@10x/GDPH-tissue-segmentation/GDPH-tissue-segmentation/1412021-9-HE-DX1.png,DP500-COAD_READ-GDPH_P01/part3/1412021-9-HE-DX1-class.tiff,DP500-COAD_READ-GDPH_P01/part3/1412021-9-HE-DX1-instance.tiff,DP500-COAD_READ-GDPH_P01/part3/1412021-9-HE-DX1.tiff
tissue_seg@10x/GDPH-tissue-segmentation/GDPH-tissue-segmentation/1412315-6-HE-DX1.png,DP500-COAD_READ-GDPH_P01/part3/1412315-6-HE-DX1-class.tiff,DP500-COAD_READ-GDPH_P01/part3/1412315-6-HE-DX1-instance.tiff,DP500-COAD_READ-GDPH_P01/part3/1412315-6-HE-DX1.tiff
tissue_seg@10x/GDPH-tissue-segmentation/GDPH-tissue-segmentation/1412714-6-HE-DX1.png,DP500-COAD_READ-GDPH_P01/part3/1412714-6-HE-DX1-class.tiff,DP500-COAD_READ-GDPH_P01/part3/1412714-6-HE-DX1-instance.tiff,DP500-COAD_READ-GDPH_P01/part3/1412714-6-HE-DX1.tiff
tissue_seg@10x/GDPH-tissue-segmentation/GDPH-tissue-segmentation/1412950-7-HE-DX1.png,DP500-COAD_READ-GDPH_P01/part3/1412950-7-HE-DX1-class.tiff,DP500-COAD_READ-GDPH_P01/part3/1412950-7-HE-DX1-instance.tiff,DP500-COAD_READ-GDPH_P01/part3/1412950-7-HE-DX1.tiff
tissue_seg@10x/GDPH-tissue-segmentation/GDPH-tissue-segmentation/1413621-4-HE-DX1.png,DP500-COAD_READ-GDPH_P01/part3/1413621-4-HE-DX1-class.tiff,DP500-COAD_READ-GDPH_P01/part3/1413621-4-HE-DX1-instance.tiff,DP500-COAD_READ-GDPH_P01/part3/1413621-4-HE-DX1.tiff
tissue_seg@10x/GDPH-tissue-segmentation/GDPH-tissue-segmentation/1413900-10-HE-DX1.png,DP500-COAD_READ-GDPH_P01/part3/1413900-10-HE-DX1-class.tiff,DP500-COAD_READ-GDPH_P01/part3/1413900-10-HE-DX1-instance.tiff,DP500-COAD_READ-GDPH_P01/part3/1413900-10-HE-DX1.tiff
tissue_seg@10x/GDPH-tissue-segmentation/GDPH-tissue-segmentation/1414082-R1-HE-DX1.png,DP500-COAD_READ-GDPH_P01/part3/1414082-R1-HE-DX1-class.tiff,DP500-COAD_READ-GDPH_P01/part3/1414082-R1-HE-DX1-instance.tiff,DP500-COAD_READ-GDPH_P01/part3/1414082-R1-HE-DX1.tiff
tissue_seg@10x/GDPH-tissue-segmentation/GDPH-tissue-segmentation/1414127-R2-HE-DX1.png,DP500-COAD_READ-GDPH_P01/part3/1414127-R2-HE-DX1-class.tiff,DP500-COAD_READ-GDPH_P01/part3/1414127-R2-HE-DX1-instance.tiff,DP500-COAD_READ-GDPH_P01/part3/1414127-R2-HE-DX1.tiff
tissue_seg@10x/GDPH-tissue-segmentation/GDPH-tissue-segmentation/1414127-R2-HE-DX2.png,DP500-COAD_READ-GDPH_P01/part3/1414127-R2-HE-DX2-class.tiff,DP500-COAD_READ-GDPH_P01/part3/1414127-R2-HE-DX2-instance.tiff,DP500-COAD_READ-GDPH_P01/part3/1414127-R2-HE-DX2.tiff
tissue_seg@10x/GDPH-tissue-segmentation/GDPH-tissue-segmentation/1414140-21-HE-DX1.png,DP500-COAD_READ-GDPH_P01/part3/1414140-21-HE-DX1-class.tiff,DP500-COAD_READ-GDPH_P01/part3/1414140-21-HE-DX1-instance.tiff,DP500-COAD_READ-GDPH_P01/part3/1414140-21-HE-DX1.tiff
tissue_seg@10x/GDPH-tissue-segmentation/GDPH-tissue-segmentation/1414140-21-HE-DX2.png,DP500-COAD_READ-GDPH_P01/part3/1414140-21-HE-DX2-class.tiff,DP500-COAD_READ-GDPH_P01/part3/1414140-21-HE-DX2-instance.tiff,DP500-COAD_READ-GDPH_P01/part3/1414140-21-HE-DX2.tiff
tissue_seg@10x/GDPH-tissue-segmentation/GDPH-tissue-segmentation/1414204-R1-HE-DX1.png,DP500-COAD_READ-GDPH_P01/part3/1414204-R1-HE-DX1-class.tiff,DP500-COAD_READ-GDPH_P01/part3/1414204-R1-HE-DX1-instance.tiff,DP500-COAD_READ-GDPH_P01/part3/1414204-R1-HE-DX1.tiff
tissue_seg@10x/GDPH-tissue-segmentation/GDPH-tissue-segmentation/1414505-8-HE-DX1.png,DP500-COAD_READ-GDPH_P01/part3/1414505-8-HE-DX1-class.tiff,DP500-COAD_READ-GDPH_P01/part3/1414505-8-HE-DX1-instance.tiff,DP500-COAD_READ-GDPH_P01/part3/1414505-8-HE-DX1.tiff
tissue_seg@10x/GDPH-tissue-segmentation/GDPH-tissue-segmentation/1414568-11-HE-DX1.png,DP500-COAD_READ-GDPH_P01/part3/1414568-11-HE-DX1-class.tiff,DP500-COAD_READ-GDPH_P01/part3/1414568-11-HE-DX1-instance.tiff,DP500-COAD_READ-GDPH_P01/part3/1414568-11-HE-DX1.tiff
tissue_seg@10x/GDPH-tissue-segmentation/GDPH-tissue-segmentation/1414796-12-HE-DX1.png,DP500-COAD_READ-GDPH_P01/part3/1414796-12-HE-DX1-class.tiff,DP500-COAD_READ-GDPH_P01/part3/1414796-12-HE-DX1-instance.tiff,DP500-COAD_READ-GDPH_P01/part3/1414796-12-HE-DX1.tiff
tissue_seg@10x/GDPH-tissue-segmentation/GDPH-tissue-segmentation/1415322-7-HE-DX1.png,DP500-COAD_READ-GDPH_P01/part3/1415322-7-HE-DX1-class.tiff,DP500-COAD_READ-GDPH_P01/part3/1415322-7-HE-DX1-instance.tiff,DP500-COAD_READ-GDPH_P01/part3/1415322-7-HE-DX1.tiff
tissue_seg@10x/GDPH-tissue-segmentation/GDPH-tissue-segmentation/1415880-6-HE-DX1.png,DP500-COAD_READ-GDPH_P01/part3/1415880-6-HE-DX1-class.tiff,DP500-COAD_READ-GDPH_P01/part3/1415880-6-HE-DX1-instance.tiff,DP500-COAD_READ-GDPH_P01/part3/1415880-6-HE-DX1.tiff
tissue_seg@10x/GDPH-tissue-segmentation/GDPH-tissue-segmentation/1416317-7-HE-DX1.png,DP500-COAD_READ-GDPH_P01/part3/1416317-7-HE-DX1-class.tiff,DP500-COAD_READ-GDPH_P01/part3/1416317-7-HE-DX1-instance.tiff,DP500-COAD_READ-GDPH_P01/part3/1416317-7-HE-DX1.tiff
tissue_seg@10x/GDPH-tissue-segmentation/GDPH-tissue-segmentation/1416337-5-HE-DX1.png,DP500-COAD_READ-GDPH_P01/part3/1416337-5-HE-DX1-class.tiff,DP500-COAD_READ-GDPH_P01/part3/1416337-5-HE-DX1-instance.tiff,DP500-COAD_READ-GDPH_P01/part3/1416337-5-HE-DX1.tiff
tissue_seg@10x/GDPH-tissue-segmentation/GDPH-tissue-segmentation/1416345-R2-HE-DX1.png,DP500-COAD_READ-GDPH_P01/part3/1416345-R2-HE-DX1-class.tiff,DP500-COAD_READ-GDPH_P01/part3/1416345-R2-HE-DX1-instance.tiff,DP500-COAD_READ-GDPH_P01/part3/1416345-R2-HE-DX1.tiff
tissue_seg@10x/GDPH-tissue-segmentation/GDPH-tissue-segmentation/1416558-22-HE-DX1.png,DP500-COAD_READ-GDPH_P01/part3/1416558-22-HE-DX1-class.tiff,DP500-COAD_READ-GDPH_P01/part3/1416558-22-HE-DX1-instance.tiff,DP500-COAD_READ-GDPH_P01/part3/1416558-22-HE-DX1.tiff
tissue_seg@10x/GDPH-tissue-segmentation/GDPH-tissue-segmentation/1416664-10-HE-DX1.png,DP500-COAD_READ-GDPH_P01/part3/1416664-10-HE-DX1-class.tiff,DP500-COAD_READ-GDPH_P01/part3/1416664-10-HE-DX1-instance.tiff,DP500-COAD_READ-GDPH_P01/part3/1416664-10-HE-DX1.tiff
tissue_seg@10x/GDPH-tissue-segmentation/GDPH-tissue-segmentation/1417214-12-HE-DX1.png,DP500-COAD_READ-GDPH_P01/part3/1417214-12-HE-DX1-class.tiff,DP500-COAD_READ-GDPH_P01/part3/1417214-12-HE-DX1-instance.tiff,DP500-COAD_READ-GDPH_P01/part3/1417214-12-HE-DX1.tiff
tissue_seg@10x/GDPH-tissue-segmentation/GDPH-tissue-segmentation/1417419-8-HE-DX1.png,DP500-COAD_READ-GDPH_P01/part3/1417419-8-HE-DX1-class.tiff,DP500-COAD_READ-GDPH_P01/part3/1417419-8-HE-DX1-instance.tiff,DP500-COAD_READ-GDPH_P01/part3/1417419-8-HE-DX1.tiff
tissue_seg@10x/GDPH-tissue-segmentation/GDPH-tissue-segmentation/1417566-3-HE-DX1.png,DP500-COAD_READ-GDPH_P01/part3/1417566-3-HE-DX1-class.tiff,DP500-COAD_READ-GDPH_P01/part3/1417566-3-HE-DX1-instance.tiff,DP500-COAD_READ-GDPH_P01/part3/1417566-3-HE-DX1.tiff
tissue_seg@10x/GDPH-tissue-segmentation/GDPH-tissue-segmentation/1417983-15-HE-DX1.png,DP500-COAD_READ-GDPH_P01/part3/1417983-15-HE-DX1-class.tiff,DP500-COAD_READ-GDPH_P01/part3/1417983-15-HE-DX1-instance.tiff,DP500-COAD_READ-GDPH_P01/part3/1417983-15-HE-DX1.tiff
tissue_seg@10x/GDPH-tissue-segmentation/GDPH-tissue-segmentation/1419244-R1-HE-DX1.png,DP500-COAD_READ-GDPH_P01/part4/1419244-R1-HE-DX1-class.tiff,DP500-COAD_READ-GDPH_P01/part4/1419244-R1-HE-DX1-instance.tiff,DP500-COAD_READ-GDPH_P01/part4/1419244-R1-HE-DX1.tiff
tissue_seg@10x/GDPH-tissue-segmentation/GDPH-tissue-segmentation/1419439-R1-HE-DX1.png,DP500-COAD_READ-GDPH_P01/part4/1419439-R1-HE-DX1-class.tiff,DP500-COAD_READ-GDPH_P01/part4/1419439-R1-HE-DX1-instance.tiff,DP500-COAD_READ-GDPH_P01/part4/1419439-R1-HE-DX1.tiff
tissue_seg@10x/GDPH-tissue-segmentation/GDPH-tissue-segmentation/1419445-5-HE-DX1.png,DP500-COAD_READ-GDPH_P01/part4/1419445-5-HE-DX1-class.tiff,DP500-COAD_READ-GDPH_P01/part4/1419445-5-HE-DX1-instance.tiff,DP500-COAD_READ-GDPH_P01/part4/1419445-5-HE-DX1.tiff
tissue_seg@10x/GDPH-tissue-segmentation/GDPH-tissue-segmentation/1419766-NA-HE-DX1.png,DP500-COAD_READ-GDPH_P01/part4/1419766-NA-HE-DX1-class.tiff,DP500-COAD_READ-GDPH_P01/part4/1419766-NA-HE-DX1-instance.tiff,DP500-COAD_READ-GDPH_P01/part4/1419766-NA-HE-DX1.tiff
tissue_seg@10x/GDPH-tissue-segmentation/GDPH-tissue-segmentation/1419769-4-HE-DX1.png,DP500-COAD_READ-GDPH_P01/part4/1419769-4-HE-DX1-class.tiff,DP500-COAD_READ-GDPH_P01/part4/1419769-4-HE-DX1-instance.tiff,DP500-COAD_READ-GDPH_P01/part4/1419769-4-HE-DX1.tiff
tissue_seg@10x/GDPH-tissue-segmentation/GDPH-tissue-segmentation/1419805-3-HE-DX1.png,DP500-COAD_READ-GDPH_P01/part4/1419805-3-HE-DX1-class.tiff,DP500-COAD_READ-GDPH_P01/part4/1419805-3-HE-DX1-instance.tiff,DP500-COAD_READ-GDPH_P01/part4/1419805-3-HE-DX1.tiff
tissue_seg@10x/GDPH-tissue-segmentation/GDPH-tissue-segmentation/1420871-6-HE-DX1.png,DP500-COAD_READ-GDPH_P01/part4/1420871-6-HE-DX1-class.tiff,DP500-COAD_READ-GDPH_P01/part4/1420871-6-HE-DX1-instance.tiff,DP500-COAD_READ-GDPH_P01/part4/1420871-6-HE-DX1.tiff
tissue_seg@10x/GDPH-tissue-segmentation/GDPH-tissue-segmentation/1421768-9-HE-DX1.png,DP500-COAD_READ-GDPH_P01/part4/1421768-9-HE-DX1-class.tiff,DP500-COAD_READ-GDPH_P01/part4/1421768-9-HE-DX1-instance.tiff,DP500-COAD_READ-GDPH_P01/part4/1421768-9-HE-DX1.tiff
tissue_seg@10x/GDPH-tissue-segmentation/GDPH-tissue-segmentation/1421771-14-HE-DX1.png,DP500-COAD_READ-GDPH_P01/part4/1421771-14-HE-DX1-class.tiff,DP500-COAD_READ-GDPH_P01/part4/1421771-14-HE-DX1-instance.tiff,DP500-COAD_READ-GDPH_P01/part4/1421771-14-HE-DX1.tiff
tissue_seg@10x/GDPH-tissue-segmentation/GDPH-tissue-segmentation/1421976-3-HE-DX1.png,DP500-COAD_READ-GDPH_P01/part4/1421976-3-HE-DX1-class.tiff,DP500-COAD_READ-GDPH_P01/part4/1421976-3-HE-DX1-instance.tiff,DP500-COAD_READ-GDPH_P01/part4/1421976-3-HE-DX1.tiff
tissue_seg@10x/GDPH-tissue-segmentation/GDPH-tissue-segmentation/1422081-R1-HE-DX1.png,DP500-COAD_READ-GDPH_P01/part4/1422081-R1-HE-DX1-class.tiff,DP500-COAD_READ-GDPH_P01/part4/1422081-R1-HE-DX1-instance.tiff,DP500-COAD_READ-GDPH_P01/part4/1422081-R1-HE-DX1.tiff
tissue_seg@10x/GDPH-tissue-segmentation/GDPH-tissue-segmentation/1422428-7-HE-DX1.png,DP500-COAD_READ-GDPH_P01/part4/1422428-7-HE-DX1-class.tiff,DP500-COAD_READ-GDPH_P01/part4/1422428-7-HE-DX1-instance.tiff,DP500-COAD_READ-GDPH_P01/part4/1422428-7-HE-DX1.tiff
tissue_seg@10x/GDPH-tissue-segmentation/GDPH-tissue-segmentation/1422429-15-HE-DX1.png,DP500-COAD_READ-GDPH_P01/part4/1422429-15-HE-DX1-class.tiff,DP500-COAD_READ-GDPH_P01/part4/1422429-15-HE-DX1-instance.tiff,DP500-COAD_READ-GDPH_P01/part4/1422429-15-HE-DX1.tiff
tissue_seg@10x/GDPH-tissue-segmentation/GDPH-tissue-segmentation/1422566-R2-HE-DX1.png,DP500-COAD_READ-GDPH_P01/part4/1422566-R2-HE-DX1-class.tiff,DP500-COAD_READ-GDPH_P01/part4/1422566-R2-HE-DX1-instance.tiff,DP500-COAD_READ-GDPH_P01/part4/1422566-R2-HE-DX1.tiff
tissue_seg@10x/GDPH-tissue-segmentation/GDPH-tissue-segmentation/1422568-7-HE-DX1.png,DP500-COAD_READ-GDPH_P01/part4/1422568-7-HE-DX1-class.tiff,DP500-COAD_READ-GDPH_P01/part4/1422568-7-HE-DX1-instance.tiff,DP500-COAD_READ-GDPH_P01/part4/1422568-7-HE-DX1.tiff
tissue_seg@10x/GDPH-tissue-segmentation/GDPH-tissue-segmentation/1422756-9-HE-DX1.png,DP500-COAD_READ-GDPH_P01/part4/1422756-9-HE-DX1-class.tiff,DP500-COAD_READ-GDPH_P01/part4/1422756-9-HE-DX1-instance.tiff,DP500-COAD_READ-GDPH_P01/part4/1422756-9-HE-DX1.tiff
tissue_seg@10x/GDPH-tissue-segmentation/GDPH-tissue-segmentation/1423432-9-HE-DX1.png,DP500-COAD_READ-GDPH_P01/part4/1423432-9-HE-DX1-class.tiff,DP500-COAD_READ-GDPH_P01/part4/1423432-9-HE-DX1-instance.tiff,DP500-COAD_READ-GDPH_P01/part4/1423432-9-HE-DX1.tiff
tissue_seg@10x/GDPH-tissue-segmentation/GDPH-tissue-segmentation/1423584-4-HE-DX1.png,DP500-COAD_READ-GDPH_P01/part4/1423584-4-HE-DX1-class.tiff,DP500-COAD_READ-GDPH_P01/part4/1423584-4-HE-DX1-instance.tiff,DP500-COAD_READ-GDPH_P01/part4/1423584-4-HE-DX1.tiff
tissue_seg@10x/GDPH-tissue-segmentation/GDPH-tissue-segmentation/1423633-6-HE-DX1.png,DP500-COAD_READ-GDPH_P01/part4/1423633-6-HE-DX1-class.tiff,DP500-COAD_READ-GDPH_P01/part4/1423633-6-HE-DX1-instance.tiff,DP500-COAD_READ-GDPH_P01/part4/1423633-6-HE-DX1.tiff
tissue_seg@10x/GDPH-tissue-segmentation/GDPH-tissue-segmentation/1424448-9-HE-DX1.png,DP500-COAD_READ-GDPH_P01/part4/1424448-9-HE-DX1-class.tiff,DP500-COAD_READ-GDPH_P01/part4/1424448-9-HE-DX1-instance.tiff,DP500-COAD_READ-GDPH_P01/part4/1424448-9-HE-DX1.tiff
tissue_seg@10x/GDPH-tissue-segmentation/GDPH-tissue-segmentation/1424589-7-HE-DX1.png,DP500-COAD_READ-GDPH_P01/part4/1424589-7-HE-DX1-class.tiff,DP500-COAD_READ-GDPH_P01/part4/1424589-7-HE-DX1-instance.tiff,DP500-COAD_READ-GDPH_P01/part4/1424589-7-HE-DX1.tiff
tissue_seg@10x/GDPH-tissue-segmentation/GDPH-tissue-segmentation/1425049-R2-HE-DX1.png,DP500-COAD_READ-GDPH_P01/part4/1425049-R2-HE-DX1-class.tiff,DP500-COAD_READ-GDPH_P01/part4/1425049-R2-HE-DX1-instance.tiff,DP500-COAD_READ-GDPH_P01/part4/1425049-R2-HE-DX1.tiff
tissue_seg@10x/GDPH-tissue-segmentation/GDPH-tissue-segmentation/1425093-4-HE-DX1.png,DP500-COAD_READ-GDPH_P01/part4/1425093-4-HE-DX1-class.tiff,DP500-COAD_READ-GDPH_P01/part4/1425093-4-HE-DX1-instance.tiff,DP500-COAD_READ-GDPH_P01/part4/1425093-4-HE-DX1.tiff
tissue_seg@10x/GDPH-tissue-segmentation/GDPH-tissue-segmentation/1425098-R2-HE-DX1.png,DP500-COAD_READ-GDPH_P01/part4/1425098-R2-HE-DX1-class.tiff,DP500-COAD_READ-GDPH_P01/part4/1425098-R2-HE-DX1-instance.tiff,DP500-COAD_READ-GDPH_P01/part4/1425098-R2-HE-DX1.tiff
tissue_seg@10x/GDPH-tissue-segmentation/GDPH-tissue-segmentation/1425109-R2-HE-DX1.png,DP500-COAD_READ-GDPH_P01/part4/1425109-R2-HE-DX1-class.tiff,DP500-COAD_READ-GDPH_P01/part4/1425109-R2-HE-DX1-instance.tiff,DP500-COAD_READ-GDPH_P01/part4/1425109-R2-HE-DX1.tiff
tissue_seg@10x/GDPH-tissue-segmentation/GDPH-tissue-segmentation/1425495-R-HE-DX1.png,DP500-COAD_READ-GDPH_P01/part4/1425495-R-HE-DX1-class.tiff,DP500-COAD_READ-GDPH_P01/part4/1425495-R-HE-DX1-instance.tiff,DP500-COAD_READ-GDPH_P01/part4/1425495-R-HE-DX1.tiff
tissue_seg@10x/GDPH-tissue-segmentation/GDPH-tissue-segmentation/1426045-R2-HE-DX1.png,DP500-COAD_READ-GDPH_P01/part4/1426045-R2-HE-DX1-class.tiff,DP500-COAD_READ-GDPH_P01/part4/1426045-R2-HE-DX1-instance.tiff,DP500-COAD_READ-GDPH_P01/part4/1426045-R2-HE-DX1.tiff
tissue_seg@10x/GDPH-tissue-segmentation/GDPH-tissue-segmentation/1426313-R2-HE-DX1.png,DP500-COAD_READ-GDPH_P01/part4/1426313-R2-HE-DX1-class.tiff,DP500-COAD_READ-GDPH_P01/part4/1426313-R2-HE-DX1-instance.tiff,DP500-COAD_READ-GDPH_P01/part4/1426313-R2-HE-DX1.tiff
tissue_seg@10x/GDPH-tissue-segmentation/GDPH-tissue-segmentation/1426750-9-HE-DX1.png,DP500-COAD_READ-GDPH_P01/part4/1426750-9-HE-DX1-class.tiff,DP500-COAD_READ-GDPH_P01/part4/1426750-9-HE-DX1-instance.tiff,DP500-COAD_READ-GDPH_P01/part4/1426750-9-HE-DX1.tiff
tissue_seg@10x/GDPH-tissue-segmentation/GDPH-tissue-segmentation/1426949-10-HE-DX1.png,DP500-COAD_READ-GDPH_P01/part4/1426949-10-HE-DX1-class.tiff,DP500-COAD_READ-GDPH_P01/part4/1426949-10-HE-DX1-instance.tiff,DP500-COAD_READ-GDPH_P01/part4/1426949-10-HE-DX1.tiff
tissue_seg@10x/GDPH-tissue-segmentation/GDPH-tissue-segmentation/1427559-7-HE-DX1.png,DP500-COAD_READ-GDPH_P01/part4/1427559-7-HE-DX1-class.tiff,DP500-COAD_READ-GDPH_P01/part4/1427559-7-HE-DX1-instance.tiff,DP500-COAD_READ-GDPH_P01/part4/1427559-7-HE-DX1.tiff
tissue_seg@10x/GDPH-tissue-segmentation/GDPH-tissue-segmentation/1427836-R1-HE-DX1.png,DP500-COAD_READ-GDPH_P01/part4/1427836-R1-HE-DX1-class.tiff,DP500-COAD_READ-GDPH_P01/part4/1427836-R1-HE-DX1-instance.tiff,DP500-COAD_READ-GDPH_P01/part4/1427836-R1-HE-DX1.tiff
tissue_seg@10x/GDPH-tissue-segmentation/GDPH-tissue-segmentation/1428399-5-HE-DX1.png,DP500-COAD_READ-GDPH_P01/part4/1428399-5-HE-DX1-class.tiff,DP500-COAD_READ-GDPH_P01/part4/1428399-5-HE-DX1-instance.tiff,DP500-COAD_READ-GDPH_P01/part4/1428399-5-HE-DX1.tiff
tissue_seg@10x/GDPH-tissue-segmentation/GDPH-tissue-segmentation/1428701-4-HE-DX1.png,DP500-COAD_READ-GDPH_P01/part4/1428701-4-HE-DX1-class.tiff,DP500-COAD_READ-GDPH_P01/part4/1428701-4-HE-DX1-instance.tiff,DP500-COAD_READ-GDPH_P01/part4/1428701-4-HE-DX1.tiff
tissue_seg@10x/GDPH-tissue-segmentation/GDPH-tissue-segmentation/1428937-11-HE-DX1.png,DP500-COAD_READ-GDPH_P01/part4/1428937-11-HE-DX1-class.tiff,DP500-COAD_READ-GDPH_P01/part4/1428937-11-HE-DX1-instance.tiff,DP500-COAD_READ-GDPH_P01/part4/1428937-11-HE-DX1.tiff
tissue_seg@10x/GDPH-tissue-segmentation/GDPH-tissue-segmentation/1429577-8-HE-DX1.png,DP500-COAD_READ-GDPH_P01/part4/1429577-8-HE-DX1-class.tiff,DP500-COAD_READ-GDPH_P01/part4/1429577-8-HE-DX1-instance.tiff,DP500-COAD_READ-GDPH_P01/part4/1429577-8-HE-DX1.tiff
tissue_seg@10x/GDPH-tissue-segmentation/GDPH-tissue-segmentation/1429649-5-HE-DX1.png,DP500-COAD_READ-GDPH_P01/part4/1429649-5-HE-DX1-class.tiff,DP500-COAD_READ-GDPH_P01/part4/1429649-5-HE-DX1-instance.tiff,DP500-COAD_READ-GDPH_P01/part4/1429649-5-HE-DX1.tiff
tissue_seg@10x/GDPH-tissue-segmentation/GDPH-tissue-segmentation/1430359-7-HE-DX1.png,DP500-COAD_READ-GDPH_P01/part4/1430359-7-HE-DX1-class.tiff,DP500-COAD_READ-GDPH_P01/part4/1430359-7-HE-DX1-instance.tiff,DP500-COAD_READ-GDPH_P01/part4/1430359-7-HE-DX1.tiff
tissue_seg@10x/GDPH-tissue-segmentation/GDPH-tissue-segmentation/1430701-10-HE-DX1.png,DP500-COAD_READ-GDPH_P01/part4/1430701-10-HE-DX1-class.tiff,DP500-COAD_READ-GDPH_P01/part4/1430701-10-HE-DX1-instance.tiff,DP500-COAD_READ-GDPH_P01/part4/1430701-10-HE-DX1.tiff
tissue_seg@10x/GDPH-tissue-segmentation/GDPH-tissue-segmentation/1430902-5-HE-DX1.png,DP500-COAD_READ-GDPH_P01/part4/1430902-5-HE-DX1-class.tiff,DP500-COAD_READ-GDPH_P01/part4/1430902-5-HE-DX1-instance.tiff,DP500-COAD_READ-GDPH_P01/part4/1430902-5-HE-DX1.tiff
tissue_seg@10x/GDPH-tissue-segmentation/GDPH-tissue-segmentation/1431680-9-HE-DX1.png,DP500-COAD_READ-GDPH_P01/part4/1431680-9-HE-DX1-class.tiff,DP500-COAD_READ-GDPH_P01/part4/1431680-9-HE-DX1-instance.tiff,DP500-COAD_READ-GDPH_P01/part4/1431680-9-HE-DX1.tiff
tissue_seg@10x/GDPH-tissue-segmentation/GDPH-tissue-segmentation/1432109-8-HE-DX1.png,DP500-COAD_READ-GDPH_P01/part4/1432109-8-HE-DX1-class.tiff,DP500-COAD_READ-GDPH_P01/part4/1432109-8-HE-DX1-instance.tiff,DP500-COAD_READ-GDPH_P01/part4/1432109-8-HE-DX1.tiff
tissue_seg@10x/GDPH-tissue-segmentation/GDPH-tissue-segmentation/1432205-5-HE-DX1.png,DP500-COAD_READ-GDPH_P01/part4/1432205-5-HE-DX1-class.tiff,DP500-COAD_READ-GDPH_P01/part4/1432205-5-HE-DX1-instance.tiff,DP500-COAD_READ-GDPH_P01/part4/1432205-5-HE-DX1.tiff
tissue_seg@10x/GDPH-tissue-segmentation/GDPH-tissue-segmentation/1432333-NA-HE-DX1-S01.png,DP500-COAD_READ-GDPH_P01/part4/1432333-NA-HE-DX1-S01-class.tiff,DP500-COAD_READ-GDPH_P01/part4/1432333-NA-HE-DX1-S01-instance.tiff,DP500-COAD_READ-GDPH_P01/part4/1432333-NA-HE-DX1-S01.tiff
tissue_seg@10x/GDPH-tissue-segmentation/GDPH-tissue-segmentation/1432333-NA-HE-DX1-S02.png,DP500-COAD_READ-GDPH_P01/part4/1432333-NA-HE-DX1-S02-class.tiff,DP500-COAD_READ-GDPH_P01/part4/1432333-NA-HE-DX1-S02-instance.tiff,DP500-COAD_READ-GDPH_P01/part4/1432333-NA-HE-DX1-S02.tiff
tissue_seg@10x/GDPH-tissue-segmentation/GDPH-tissue-segmentation/1432754-13-HE-DX1.png,DP500-COAD_READ-GDPH_P01/part4/1432754-13-HE-DX1-class.tiff,DP500-COAD_READ-GDPH_P01/part4/1432754-13-HE-DX1-instance.tiff,DP500-COAD_READ-GDPH_P01/part4/1432754-13-HE-DX1.tiff
tissue_seg@10x/GDPH-tissue-segmentation/GDPH-tissue-segmentation/1433418-11-HE-DX1.png,DP500-COAD_READ-GDPH_P01/part4/1433418-11-HE-DX1-class.tiff,DP500-COAD_READ-GDPH_P01/part4/1433418-11-HE-DX1-instance.tiff,DP500-COAD_READ-GDPH_P01/part4/1433418-11-HE-DX1.tiff
tissue_seg@10x/GDPH-tissue-segmentation/GDPH-tissue-segmentation/1433797-6-HE-DX1.png,DP500-COAD_READ-GDPH_P01/part4/1433797-6-HE-DX1-class.tiff,DP500-COAD_READ-GDPH_P01/part4/1433797-6-HE-DX1-instance.tiff,DP500-COAD_READ-GDPH_P01/part4/1433797-6-HE-DX1.tiff
tissue_seg@10x/GDPH-tissue-segmentation/GDPH-tissue-segmentation/1434343-4-HE-DX1.png,DP500-COAD_READ-GDPH_P01/part4/1434343-4-HE-DX1-class.tiff,DP500-COAD_READ-GDPH_P01/part4/1434343-4-HE-DX1-instance.tiff,DP500-COAD_READ-GDPH_P01/part4/1434343-4-HE-DX1.tiff
tissue_seg@10x/GDPH-tissue-segmentation/GDPH-tissue-segmentation/1434552-4-HE-DX1.png,DP500-COAD_READ-GDPH_P01/part4/1434552-4-HE-DX1-class.tiff,DP500-COAD_READ-GDPH_P01/part4/1434552-4-HE-DX1-instance.tiff,DP500-COAD_READ-GDPH_P01/part4/1434552-4-HE-DX1.tiff
tissue_seg@10x/GDPH-tissue-segmentation/GDPH-tissue-segmentation/1434553-3-HE-DX1.png,DP500-COAD_READ-GDPH_P01/part4/1434553-3-HE-DX1-class.tiff,DP500-COAD_READ-GDPH_P01/part4/1434553-3-HE-DX1-instance.tiff,DP500-COAD_READ-GDPH_P01/part4/1434553-3-HE-DX1.tiff
tissue_seg@10x/GDPH-tissue-segmentation/GDPH-tissue-segmentation/1434631-12-HE-DX1.png,DP500-COAD_READ-GDPH_P01/part4/1434631-12-HE-DX1-class.tiff,DP500-COAD_READ-GDPH_P01/part4/1434631-12-HE-DX1-instance.tiff,DP500-COAD_READ-GDPH_P01/part4/1434631-12-HE-DX1.tiff
tissue_seg@10x/GDPH-tissue-segmentation/GDPH-tissue-segmentation/1434692-R1-HE-DX1.png,DP500-COAD_READ-GDPH_P01/part4/1434692-R1-HE-DX1-class.tiff,DP500-COAD_READ-GDPH_P01/part4/1434692-R1-HE-DX1-instance.tiff,DP500-COAD_READ-GDPH_P01/part4/1434692-R1-HE-DX1.tiff
tissue_seg@10x/GDPH-tissue-segmentation/GDPH-tissue-segmentation/1434789-6-HE-DX1.png,DP500-COAD_READ-GDPH_P01/part4/1434789-6-HE-DX1-class.tiff,DP500-COAD_READ-GDPH_P01/part4/1434789-6-HE-DX1-instance.tiff,DP500-COAD_READ-GDPH_P01/part4/1434789-6-HE-DX1.tiff
tissue_seg@10x/GDPH-tissue-segmentation/GDPH-tissue-segmentation/1434869-5-HE-DX1.png,DP500-COAD_READ-GDPH_P01/part4/1434869-5-HE-DX1-class.tiff,DP500-COAD_READ-GDPH_P01/part4/1434869-5-HE-DX1-instance.tiff,DP500-COAD_READ-GDPH_P01/part4/1434869-5-HE-DX1.tiff
tissue_seg@10x/GDPH-tissue-segmentation/GDPH-tissue-segmentation/1434984-9-HE-DX1.png,DP500-COAD_READ-GDPH_P01/part4/1434984-9-HE-DX1-class.tiff,DP500-COAD_READ-GDPH_P01/part4/1434984-9-HE-DX1-instance.tiff,DP500-COAD_READ-GDPH_P01/part4/1434984-9-HE-DX1.tiff
tissue_seg@10x/GDPH-tissue-segmentation/GDPH-tissue-segmentation/1435198-13-HE-DX1.png,DP500-COAD_READ-GDPH_P01/part4/1435198-13-HE-DX1-class.tiff,DP500-COAD_READ-GDPH_P01/part4/1435198-13-HE-DX1-instance.tiff,DP500-COAD_READ-GDPH_P01/part4/1435198-13-HE-DX1.tiff
tissue_seg@10x/GDPH-tissue-segmentation/GDPH-tissue-segmentation/1435410-8-HE-DX1.png,DP500-COAD_READ-GDPH_P01/part4/1435410-8-HE-DX1-class.tiff,DP500-COAD_READ-GDPH_P01/part4/1435410-8-HE-DX1-instance.tiff,DP500-COAD_READ-GDPH_P01/part4/1435410-8-HE-DX1.tiff
tissue_seg@10x/GDPH-tissue-segmentation/GDPH-tissue-segmentation/1435627-5-HE-DX1.png,DP500-COAD_READ-GDPH_P01/part4/1435627-5-HE-DX1-class.tiff,DP500-COAD_READ-GDPH_P01/part4/1435627-5-HE-DX1-instance.tiff,DP500-COAD_READ-GDPH_P01/part4/1435627-5-HE-DX1.tiff
tissue_seg@10x/GDPH-tissue-segmentation/GDPH-tissue-segmentation/1436170-24-HE-DX1.png,DP500-COAD_READ-GDPH_P01/part4/1436170-24-HE-DX1-class.tiff,DP500-COAD_READ-GDPH_P01/part4/1436170-24-HE-DX1-instance.tiff,DP500-COAD_READ-GDPH_P01/part4/1436170-24-HE-DX1.tiff
tissue_seg@10x/GDPH-tissue-segmentation/GDPH-tissue-segmentation/1436604-7-HE-DX1.png,DP500-COAD_READ-GDPH_P01/part4/1436604-7-HE-DX1-class.tiff,DP500-COAD_READ-GDPH_P01/part4/1436604-7-HE-DX1-instance.tiff,DP500-COAD_READ-GDPH_P01/part4/1436604-7-HE-DX1.tiff
tissue_seg@10x/GDPH-tissue-segmentation/GDPH-tissue-segmentation/1436994-4-HE-DX1.png,DP500-COAD_READ-GDPH_P01/part4/1436994-4-HE-DX1-class.tiff,DP500-COAD_READ-GDPH_P01/part4/1436994-4-HE-DX1-instance.tiff,DP500-COAD_READ-GDPH_P01/part4/1436994-4-HE-DX1.tiff
tissue_seg@10x/GDPH-tissue-segmentation/GDPH-tissue-segmentation/1437079-7-HE-DX1.png,DP500-COAD_READ-GDPH_P01/part4/1437079-7-HE-DX1-class.tiff,DP500-COAD_READ-GDPH_P01/part4/1437079-7-HE-DX1-instance.tiff,DP500-COAD_READ-GDPH_P01/part4/1437079-7-HE-DX1.tiff
tissue_seg@10x/GDPH-tissue-segmentation/GDPH-tissue-segmentation/1437084-3-HE-DX1.png,DP500-COAD_READ-GDPH_P01/part4/1437084-3-HE-DX1-class.tiff,DP500-COAD_READ-GDPH_P01/part4/1437084-3-HE-DX1-instance.tiff,DP500-COAD_READ-GDPH_P01/part4/1437084-3-HE-DX1.tiff
tissue_seg@10x/GDPH-tissue-segmentation/GDPH-tissue-segmentation/1437227-8-HE-DX1.png,DP500-COAD_READ-GDPH_P01/part4/1437227-8-HE-DX1-class.tiff,DP500-COAD_READ-GDPH_P01/part4/1437227-8-HE-DX1-instance.tiff,DP500-COAD_READ-GDPH_P01/part4/1437227-8-HE-DX1.tiff
tissue_seg@10x/GDPH-tissue-segmentation/GDPH-tissue-segmentation/1437440-9-HE-DX1.png,DP500-COAD_READ-GDPH_P01/part4/1437440-9-HE-DX1-class.tiff,DP500-COAD_READ-GDPH_P01/part4/1437440-9-HE-DX1-instance.tiff,DP500-COAD_READ-GDPH_P01/part4/1437440-9-HE-DX1.tiff
tissue_seg@10x/GDPH-tissue-segmentation/GDPH-tissue-segmentation/1438268-5-HE-DX1.png,DP500-COAD_READ-GDPH_P01/part4/1438268-5-HE-DX1-class.tiff,DP500-COAD_READ-GDPH_P01/part4/1438268-5-HE-DX1-instance.tiff,DP500-COAD_READ-GDPH_P01/part4/1438268-5-HE-DX1.tiff
tissue_seg@10x/GDPH-tissue-segmentation/GDPH-tissue-segmentation/1438669-3-HE-DX1.png,DP500-COAD_READ-GDPH_P01/part4/1438669-3-HE-DX1-class.tiff,DP500-COAD_READ-GDPH_P01/part4/1438669-3-HE-DX1-instance.tiff,DP500-COAD_READ-GDPH_P01/part4/1438669-3-HE-DX1.tiff
tissue_seg@10x/GDPH-tissue-segmentation/GDPH-tissue-segmentation/1438902-7-HE-DX1.png,DP500-COAD_READ-GDPH_P01/part4/1438902-7-HE-DX1-class.tiff,DP500-COAD_READ-GDPH_P01/part4/1438902-7-HE-DX1-instance.tiff,DP500-COAD_READ-GDPH_P01/part4/1438902-7-HE-DX1.tiff
tissue_seg@10x/GDPH-tissue-segmentation/GDPH-tissue-segmentation/1439332-8-HE-DX1.png,DP500-COAD_READ-GDPH_P01/part4/1439332-8-HE-DX1-class.tiff,DP500-COAD_READ-GDPH_P01/part4/1439332-8-HE-DX1-instance.tiff,DP500-COAD_READ-GDPH_P01/part4/1439332-8-HE-DX1.tiff
tissue_seg@10x/GDPH-tissue-segmentation/GDPH-tissue-segmentation/1439609-6-HE-DX1.png,DP500-COAD_READ-GDPH_P01/part4/1439609-6-HE-DX1-class.tiff,DP500-COAD_READ-GDPH_P01/part4/1439609-6-HE-DX1-instance.tiff,DP500-COAD_READ-GDPH_P01/part4/1439609-6-HE-DX1.tiff
tissue_seg@10x/GDPH-tissue-segmentation/GDPH-tissue-segmentation/1439838-8-HE-DX1.png,DP500-COAD_READ-GDPH_P01/part4/1439838-8-HE-DX1-class.tiff,DP500-COAD_READ-GDPH_P01/part4/1439838-8-HE-DX1-instance.tiff,DP500-COAD_READ-GDPH_P01/part4/1439838-8-HE-DX1.tiff
tissue_seg@10x/GDPH-tissue-segmentation/GDPH-tissue-segmentation/1440160-3-HE-DX1.png,DP500-COAD_READ-GDPH_P01/part4/1440160-3-HE-DX1-class.tiff,DP500-COAD_READ-GDPH_P01/part4/1440160-3-HE-DX1-instance.tiff,DP500-COAD_READ-GDPH_P01/part4/1440160-3-HE-DX1.tiff
tissue_seg@10x/GDPH-tissue-segmentation/GDPH-tissue-segmentation/1447446-5-HE-DX1.png,DP500-COAD_READ-GDPH_P01/part4/1447446-5-HE-DX1-class.tiff,DP500-COAD_READ-GDPH_P01/part4/1447446-5-HE-DX1-instance.tiff,DP500-COAD_READ-GDPH_P01/part4/1447446-5-HE-DX1.tiff
tissue_seg@10x/GDPH-tissue-segmentation/GDPH-tissue-segmentation/1500101-9-HE-DX1.png,DP500-COAD_READ-GDPH_P01/part4/1500101-9-HE-DX1-class.tiff,DP500-COAD_READ-GDPH_P01/part4/1500101-9-HE-DX1-instance.tiff,DP500-COAD_READ-GDPH_P01/part4/1500101-9-HE-DX1.tiff
tissue_seg@10x/GDPH-tissue-segmentation/GDPH-tissue-segmentation/1503302-R1-HE-DX1.png,DP500-COAD_READ-GDPH_P01/part4/1503302-R1-HE-DX1-class.tiff,DP500-COAD_READ-GDPH_P01/part4/1503302-R1-HE-DX1-instance.tiff,DP500-COAD_READ-GDPH_P01/part4/1503302-R1-HE-DX1.tiff
tissue_seg@10x/GDPH-tissue-segmentation/GDPH-tissue-segmentation/1504774-12-HE-DX1.png,DP500-COAD_READ-GDPH_P01/part4/1504774-12-HE-DX1-class.tiff,DP500-COAD_READ-GDPH_P01/part4/1504774-12-HE-DX1-instance.tiff,DP500-COAD_READ-GDPH_P01/part4/1504774-12-HE-DX1.tiff
tissue_seg@10x/GDPH-tissue-segmentation/GDPH-tissue-segmentation/1507591-6-HE-DX1.png,DP500-COAD_READ-GDPH_P01/part4/1507591-6-HE-DX1-class.tiff,DP500-COAD_READ-GDPH_P01/part4/1507591-6-HE-DX1-instance.tiff,DP500-COAD_READ-GDPH_P01/part4/1507591-6-HE-DX1.tiff
tissue_seg@10x/GDPH-tissue-segmentation/GDPH-tissue-segmentation/1508263-12-HE-DX1.png,DP500-COAD_READ-GDPH_P01/part4/1508263-12-HE-DX1-class.tiff,DP500-COAD_READ-GDPH_P01/part4/1508263-12-HE-DX1-instance.tiff,DP500-COAD_READ-GDPH_P01/part4/1508263-12-HE-DX1.tiff
tissue_seg@10x/GDPH-tissue-segmentation/GDPH-tissue-segmentation/1509622-7-HE-DX1.png,DP500-COAD_READ-GDPH_P01/part4/1509622-7-HE-DX1-class.tiff,DP500-COAD_READ-GDPH_P01/part4/1509622-7-HE-DX1-instance.tiff,DP500-COAD_READ-GDPH_P01/part4/1509622-7-HE-DX1.tiff
tissue_seg@10x/GDPH-tissue-segmentation/GDPH-tissue-segmentation/1510058-18-HE-DX1.png,DP500-COAD_READ-GDPH_P01/part4/1510058-18-HE-DX1-class.tiff,DP500-COAD_READ-GDPH_P01/part4/1510058-18-HE-DX1-instance.tiff,DP500-COAD_READ-GDPH_P01/part4/1510058-18-HE-DX1.tiff
tissue_seg@10x/GDPH-tissue-segmentation/GDPH-tissue-segmentation/1510418-8-HE-DX1.png,DP500-COAD_READ-GDPH_P01/part4/1510418-8-HE-DX1-class.tiff,DP500-COAD_READ-GDPH_P01/part4/1510418-8-HE-DX1-instance.tiff,DP500-COAD_READ-GDPH_P01/part4/1510418-8-HE-DX1.tiff
tissue_seg@10x/GDPH-tissue-segmentation/GDPH-tissue-segmentation/1512244-15-HE-DX1.png,DP500-COAD_READ-GDPH_P01/part4/1512244-15-HE-DX1-class.tiff,DP500-COAD_READ-GDPH_P01/part4/1512244-15-HE-DX1-instance.tiff,DP500-COAD_READ-GDPH_P01/part4/1512244-15-HE-DX1.tiff
tissue_seg@10x/GDPH-tissue-segmentation/GDPH-tissue-segmentation/1513523-5-HE-DX1.png,DP500-COAD_READ-GDPH_P01/part4/1513523-5-HE-DX1-class.tiff,DP500-COAD_READ-GDPH_P01/part4/1513523-5-HE-DX1-instance.tiff,DP500-COAD_READ-GDPH_P01/part4/1513523-5-HE-DX1.tiff
tissue_seg@10x/GDPH-tissue-segmentation/GDPH-tissue-segmentation/1514479-15-HE-DX1.png,DP500-COAD_READ-GDPH_P01/part4/1514479-15-HE-DX1-class.tiff,DP500-COAD_READ-GDPH_P01/part4/1514479-15-HE-DX1-instance.tiff,DP500-COAD_READ-GDPH_P01/part4/1514479-15-HE-DX1.tiff
tissue_seg@10x/GDPH-tissue-segmentation/GDPH-tissue-segmentation/1515682-20-HE-DX1.png,DP500-COAD_READ-GDPH_P01/part4/1515682-20-HE-DX1-class.tiff,DP500-COAD_READ-GDPH_P01/part4/1515682-20-HE-DX1-instance.tiff,DP500-COAD_READ-GDPH_P01/part4/1515682-20-HE-DX1.tiff
tissue_seg@10x/GDPH-tissue-segmentation/GDPH-tissue-segmentation/1515747-5-HE-DX1.png,DP500-COAD_READ-GDPH_P01/part4/1515747-5-HE-DX1-class.tiff,DP500-COAD_READ-GDPH_P01/part4/1515747-5-HE-DX1-instance.tiff,DP500-COAD_READ-GDPH_P01/part4/1515747-5-HE-DX1.tiff
tissue_seg@10x/GDPH-tissue-segmentation/GDPH-tissue-segmentation/1515868-11-HE-DX1.png,DP500-COAD_READ-GDPH_P01/part4/1515868-11-HE-DX1-class.tiff,DP500-COAD_READ-GDPH_P01/part4/1515868-11-HE-DX1-instance.tiff,DP500-COAD_READ-GDPH_P01/part4/1515868-11-HE-DX1.tiff
tissue_seg@10x/GDPH-tissue-segmentation/GDPH-tissue-segmentation/1517779-4-HE-DX1.png,DP500-COAD_READ-GDPH_P01/part4/1517779-4-HE-DX1-class.tiff,DP500-COAD_READ-GDPH_P01/part4/1517779-4-HE-DX1-instance.tiff,DP500-COAD_READ-GDPH_P01/part4/1517779-4-HE-DX1.tiff
tissue_seg@10x/GDPH-tissue-segmentation/GDPH-tissue-segmentation/1520241-8-HE-DX1.png,DP500-COAD_READ-GDPH_P01/part4/1520241-8-HE-DX1-class.tiff,DP500-COAD_READ-GDPH_P01/part4/1520241-8-HE-DX1-instance.tiff,DP500-COAD_READ-GDPH_P01/part4/1520241-8-HE-DX1.tiff
tissue_seg@10x/GDPH-tissue-segmentation/GDPH-tissue-segmentation/1521468-18-HE-DX1.png,DP500-COAD_READ-GDPH_P01/part4/1521468-18-HE-DX1-class.tiff,DP500-COAD_READ-GDPH_P01/part4/1521468-18-HE-DX1-instance.tiff,DP500-COAD_READ-GDPH_P01/part4/1521468-18-HE-DX1.tiff
tissue_seg@10x/GDPH-tissue-segmentation/GDPH-tissue-segmentation/1523802-12-HE-DX1.png,DP500-COAD_READ-GDPH_P01/part4/1523802-12-HE-DX1-class.tiff,DP500-COAD_READ-GDPH_P01/part4/1523802-12-HE-DX1-instance.tiff,DP500-COAD_READ-GDPH_P01/part4/1523802-12-HE-DX1.tiff
tissue_seg@10x/GDPH-tissue-segmentation/GDPH-tissue-segmentation/1531354-11-HE-DX1.png,DP500-COAD_READ-GDPH_P01/part4/1531354-11-HE-DX1-class.tiff,DP500-COAD_READ-GDPH_P01/part4/1531354-11-HE-DX1-instance.tiff,DP500-COAD_READ-GDPH_P01/part4/1531354-11-HE-DX1.tiff
tissue_seg@10x/GDPH-tissue-segmentation/GDPH-tissue-segmentation/1531789-6-HE-DX1.png,DP500-COAD_READ-GDPH_P01/part4/1531789-6-HE-DX1-class.tiff,DP500-COAD_READ-GDPH_P01/part4/1531789-6-HE-DX1-instance.tiff,DP500-COAD_READ-GDPH_P01/part4/1531789-6-HE-DX1.tiff
tissue_seg@10x/GDPH-tissue-segmentation/GDPH-tissue-segmentation/1543006-19-HE-DX1.png,DP500-COAD_READ-GDPH_P01/part4/1543006-19-HE-DX1-class.tiff,DP500-COAD_READ-GDPH_P01/part4/1543006-19-HE-DX1-instance.tiff,DP500-COAD_READ-GDPH_P01/part4/1543006-19-HE-DX1.tiff
tissue_seg@10x/GDPH-tissue-segmentation/GDPH-tissue-segmentation/1556223-5-HE-DX1.png,DP500-COAD_READ-GDPH_P01/part4/1556223-5-HE-DX1-class.tiff,DP500-COAD_READ-GDPH_P01/part4/1556223-5-HE-DX1-instance.tiff,DP500-COAD_READ-GDPH_P01/part4/1556223-5-HE-DX1.tiff
tissue_seg@10x/GDPH-tissue-segmentation/GDPH-tissue-segmentation/1556226-11-HE-DX1.png,DP500-COAD_READ-GDPH_P01/part4/1556226-11-HE-DX1-class.tiff,DP500-COAD_READ-GDPH_P01/part4/1556226-11-HE-DX1-instance.tiff,DP500-COAD_READ-GDPH_P01/part4/1556226-11-HE-DX1.tiff
tissue_seg@10x/GDPH-tissue-segmentation/GDPH-tissue-segmentation/1556492-7-HE-DX1.png,DP500-COAD_READ-GDPH_P01/part4/1556492-7-HE-DX1-class.tiff,DP500-COAD_READ-GDPH_P01/part4/1556492-7-HE-DX1-instance.tiff,DP500-COAD_READ-GDPH_P01/part4/1556492-7-HE-DX1.tiff
tissue_seg@10x/GDPH-tissue-segmentation/GDPH-tissue-segmentation/1557535-10-HE-DX1.png,DP500-COAD_READ-GDPH_P01/part4/1557535-10-HE-DX1-class.tiff,DP500-COAD_READ-GDPH_P01/part4/1557535-10-HE-DX1-instance.tiff,DP500-COAD_READ-GDPH_P01/part4/1557535-10-HE-DX1.tiff
tissue_seg@10x/GDPH-tissue-segmentation/GDPH-tissue-segmentation/1557592-R1-HE-DX1.png,DP500-COAD_READ-GDPH_P01/part4/1557592-R1-HE-DX1-class.tiff,DP500-COAD_READ-GDPH_P01/part4/1557592-R1-HE-DX1-instance.tiff,DP500-COAD_READ-GDPH_P01/part4/1557592-R1-HE-DX1.tiff
tissue_seg@10x/GDPH-tissue-segmentation/GDPH-tissue-segmentation/1558278-12-HE-DX1.png,DP500-COAD_READ-GDPH_P01/part4/1558278-12-HE-DX1-class.tiff,DP500-COAD_READ-GDPH_P01/part4/1558278-12-HE-DX1-instance.tiff,DP500-COAD_READ-GDPH_P01/part4/1558278-12-HE-DX1.tiff
tissue_seg@10x/GDPH-tissue-segmentation/GDPH-tissue-segmentation/1601245-7-HE-DX1.png,DP500-COAD_READ-GDPH_P01/part4/1601245-7-HE-DX1-class.tiff,DP500-COAD_READ-GDPH_P01/part4/1601245-7-HE-DX1-instance.tiff,DP500-COAD_READ-GDPH_P01/part4/1601245-7-HE-DX1.tiff
tissue_seg@10x/GDPH-tissue-segmentation/GDPH-tissue-segmentation/1602892-R1-HE-DX1.png,DP500-COAD_READ-GDPH_P01/part4/1602892-R1-HE-DX1-class.tiff,DP500-COAD_READ-GDPH_P01/part4/1602892-R1-HE-DX1-instance.tiff,DP500-COAD_READ-GDPH_P01/part4/1602892-R1-HE-DX1.tiff
tissue_seg@10x/GDPH-tissue-segmentation/GDPH-tissue-segmentation/1606314-9-HE-DX1.png,DP500-COAD_READ-GDPH_P01/part4/1606314-9-HE-DX1-class.tiff,DP500-COAD_READ-GDPH_P01/part4/1606314-9-HE-DX1-instance.tiff,DP500-COAD_READ-GDPH_P01/part4/1606314-9-HE-DX1.tiff
tissue_seg@10x/GDPH-tissue-segmentation/GDPH-tissue-segmentation/1606357-9-HE-DX1.png,DP500-COAD_READ-GDPH_P01/part4/1606357-9-HE-DX1-class.tiff,DP500-COAD_READ-GDPH_P01/part4/1606357-9-HE-DX1-instance.tiff,DP500-COAD_READ-GDPH_P01/part4/1606357-9-HE-DX1.tiff
tissue_seg@10x/GDPH-tissue-segmentation/GDPH-tissue-segmentation/1606518-8-HE-DX1.png,DP500-COAD_READ-GDPH_P01/part4/1606518-8-HE-DX1-class.tiff,DP500-COAD_READ-GDPH_P01/part4/1606518-8-HE-DX1-instance.tiff,DP500-COAD_READ-GDPH_P01/part4/1606518-8-HE-DX1.tiff
tissue_seg@10x/GDPH-tissue-segmentation/GDPH-tissue-segmentation/1608509-13-HE-DX1.png,DP500-COAD_READ-GDPH_P01/part4/1608509-13-HE-DX1-class.tiff,DP500-COAD_READ-GDPH_P01/part4/1608509-13-HE-DX1-instance.tiff,DP500-COAD_READ-GDPH_P01/part4/1608509-13-HE-DX1.tiff
tissue_seg@10x/GDPH-tissue-segmentation/GDPH-tissue-segmentation/1611833-10-HE-DX1.png,DP500-COAD_READ-GDPH_P01/part4/1611833-10-HE-DX1-class.tiff,DP500-COAD_READ-GDPH_P01/part4/1611833-10-HE-DX1-instance.tiff,DP500-COAD_READ-GDPH_P01/part4/1611833-10-HE-DX1.tiff
tissue_seg@10x/GDPH-tissue-segmentation/GDPH-tissue-segmentation/1612567-1-HE-DX1.png,DP500-COAD_READ-GDPH_P01/part4/1612567-1-HE-DX1-class.tiff,DP500-COAD_READ-GDPH_P01/part4/1612567-1-HE-DX1-instance.tiff,DP500-COAD_READ-GDPH_P01/part4/1612567-1-HE-DX1.tiff
tissue_seg@10x/GDPH-tissue-segmentation/GDPH-tissue-segmentation/1613711-9-HE-DX1.png,DP500-COAD_READ-GDPH_P01/part4/1613711-9-HE-DX1-class.tiff,DP500-COAD_READ-GDPH_P01/part4/1613711-9-HE-DX1-instance.tiff,DP500-COAD_READ-GDPH_P01/part4/1613711-9-HE-DX1.tiff
tissue_seg@10x/GDPH-tissue-segmentation/GDPH-tissue-segmentation/1616362-13-HE-DX1.png,DP500-COAD_READ-GDPH_P01/part4/1616362-13-HE-DX1-class.tiff,DP500-COAD_READ-GDPH_P01/part4/1616362-13-HE-DX1-instance.tiff,DP500-COAD_READ-GDPH_P01/part4/1616362-13-HE-DX1.tiff
tissue_seg@10x/GDPH-tissue-segmentation/GDPH-tissue-segmentation/1621016-14-HE-DX1.png,DP500-COAD_READ-GDPH_P01/part4/1621016-14-HE-DX1-class.tiff,DP500-COAD_READ-GDPH_P01/part4/1621016-14-HE-DX1-instance.tiff,DP500-COAD_READ-GDPH_P01/part4/1621016-14-HE-DX1.tiff
tissue_seg@10x/GDPH-tissue-segmentation/GDPH-tissue-segmentation/1622866-8-HE-DX1.png,DP500-COAD_READ-GDPH_P01/part4/1622866-8-HE-DX1-class.tiff,DP500-COAD_READ-GDPH_P01/part4/1622866-8-HE-DX1-instance.tiff,DP500-COAD_READ-GDPH_P01/part4/1622866-8-HE-DX1.tiff
tissue_seg@10x/GDPH-tissue-segmentation/GDPH-tissue-segmentation/1624412-14-HE-DX1.png,DP500-COAD_READ-GDPH_P01/part4/1624412-14-HE-DX1-class.tiff,DP500-COAD_READ-GDPH_P01/part4/1624412-14-HE-DX1-instance.tiff,DP500-COAD_READ-GDPH_P01/part4/1624412-14-HE-DX1.tiff
tissue_seg@10x/GDPH-tissue-segmentation/GDPH-tissue-segmentation/1626589-10-HE-DX1.png,DP500-COAD_READ-GDPH_P01/part4/1626589-10-HE-DX1-class.tiff,DP500-COAD_READ-GDPH_P01/part4/1626589-10-HE-DX1-instance.tiff,DP500-COAD_READ-GDPH_P01/part4/1626589-10-HE-DX1.tiff
tissue_seg@10x/GDPH-tissue-segmentation/GDPH-tissue-segmentation/1629018-6-HE-DX1.png,DP500-COAD_READ-GDPH_P01/part4/1629018-6-HE-DX1-class.tiff,DP500-COAD_READ-GDPH_P01/part4/1629018-6-HE-DX1-instance.tiff,DP500-COAD_READ-GDPH_P01/part4/1629018-6-HE-DX1.tiff
tissue_seg@10x/GDPH-tissue-segmentation/GDPH-tissue-segmentation/1629304-10-HE-DX1.png,DP500-COAD_READ-GDPH_P01/part4/1629304-10-HE-DX1-class.tiff,DP500-COAD_READ-GDPH_P01/part4/1629304-10-HE-DX1-instance.tiff,DP500-COAD_READ-GDPH_P01/part4/1629304-10-HE-DX1.tiff
tissue_seg@10x/GDPH-tissue-segmentation/GDPH-tissue-segmentation/1632836-R1-HE-DX1.png,DP500-COAD_READ-GDPH_P01/part4/1632836-R1-HE-DX1-class.tiff,DP500-COAD_READ-GDPH_P01/part4/1632836-R1-HE-DX1-instance.tiff,DP500-COAD_READ-GDPH_P01/part4/1632836-R1-HE-DX1.tiff
tissue_seg@10x/GDPH-tissue-segmentation/GDPH-tissue-segmentation/1700225-14-HE-DX1.png,DP500-COAD_READ-GDPH_P01/part4/1700225-14-HE-DX1-class.tiff,DP500-COAD_READ-GDPH_P01/part4/1700225-14-HE-DX1-instance.tiff,DP500-COAD_READ-GDPH_P01/part4/1700225-14-HE-DX1.tiff
tissue_seg@10x/GDPH-tissue-segmentation/GDPH-tissue-segmentation/1701391-8-HE-DX1.png,DP500-COAD_READ-GDPH_P01/part4/1701391-8-HE-DX1-class.tiff,DP500-COAD_READ-GDPH_P01/part4/1701391-8-HE-DX1-instance.tiff,DP500-COAD_READ-GDPH_P01/part4/1701391-8-HE-DX1.tiff
tissue_seg@10x/GDPH-tissue-segmentation/GDPH-tissue-segmentation/1701907-11-HE-DX1.png,DP500-COAD_READ-GDPH_P01/part4/1701907-11-HE-DX1-class.tiff,DP500-COAD_READ-GDPH_P01/part4/1701907-11-HE-DX1-instance.tiff,DP500-COAD_READ-GDPH_P01/part4/1701907-11-HE-DX1.tiff
tissue_seg@10x/GDPH-tissue-segmentation/GDPH-tissue-segmentation/1702232-9-HE-DX1.png,DP500-COAD_READ-GDPH_P01/part4/1702232-9-HE-DX1-class.tiff,DP500-COAD_READ-GDPH_P01/part4/1702232-9-HE-DX1-instance.tiff,DP500-COAD_READ-GDPH_P01/part4/1702232-9-HE-DX1.tiff
tissue_seg@10x/GDPH-tissue-segmentation/GDPH-tissue-segmentation/1703274-8-HE-DX1.png,DP500-COAD_READ-GDPH_P01/part4/1703274-8-HE-DX1-class.tiff,DP500-COAD_READ-GDPH_P01/part4/1703274-8-HE-DX1-instance.tiff,DP500-COAD_READ-GDPH_P01/part4/1703274-8-HE-DX1.tiff
tissue_seg@10x/GDPH-tissue-segmentation/GDPH-tissue-segmentation/1703445-11-HE-DX1.png,DP500-COAD_READ-GDPH_P01/part4/1703445-11-HE-DX1-class.tiff,DP500-COAD_READ-GDPH_P01/part4/1703445-11-HE-DX1-instance.tiff,DP500-COAD_READ-GDPH_P01/part4/1703445-11-HE-DX1.tiff
tissue_seg@10x/GDPH-tissue-segmentation/GDPH-tissue-segmentation/1703634-11-HE-DX1.png,DP500-COAD_READ-GDPH_P01/part4/1703634-11-HE-DX1-class.tiff,DP500-COAD_READ-GDPH_P01/part4/1703634-11-HE-DX1-instance.tiff,DP500-COAD_READ-GDPH_P01/part4/1703634-11-HE-DX1.tiff
tissue_seg@10x/GDPH-tissue-segmentation/GDPH-tissue-segmentation/1703816-15-HE-DX1.png,DP500-COAD_READ-GDPH_P01/part4/1703816-15-HE-DX1-class.tiff,DP500-COAD_READ-GDPH_P01/part4/1703816-15-HE-DX1-instance.tiff,DP500-COAD_READ-GDPH_P01/part4/1703816-15-HE-DX1.tiff
tissue_seg@10x/GDPH-tissue-segmentation/GDPH-tissue-segmentation/1703954-9-HE-DX1.png,DP500-COAD_READ-GDPH_P01/part4/1703954-9-HE-DX1-class.tiff,DP500-COAD_READ-GDPH_P01/part4/1703954-9-HE-DX1-instance.tiff,DP500-COAD_READ-GDPH_P01/part4/1703954-9-HE-DX1.tiff
tissue_seg@10x/GDPH-tissue-segmentation/GDPH-tissue-segmentation/1705170-10-HE-DX1.png,DP500-COAD_READ-GDPH_P01/part4/1705170-10-HE-DX1-class.tiff,DP500-COAD_READ-GDPH_P01/part4/1705170-10-HE-DX1-instance.tiff,DP500-COAD_READ-GDPH_P01/part4/1705170-10-HE-DX1.tiff
tissue_seg@10x/GDPH-tissue-segmentation/GDPH-tissue-segmentation/1710342-7-HE-DX1.png,DP500-COAD_READ-GDPH_P01/part4/1710342-7-HE-DX1-class.tiff,DP500-COAD_READ-GDPH_P01/part4/1710342-7-HE-DX1-instance.tiff,DP500-COAD_READ-GDPH_P01/part4/1710342-7-HE-DX1.tiff
tissue_seg@10x/GDPH-tissue-segmentation/GDPH-tissue-segmentation/1711676-R2-HE-DX1.png,DP500-COAD_READ-GDPH_P01/part4/1711676-R2-HE-DX1-class.tiff,DP500-COAD_READ-GDPH_P01/part4/1711676-R2-HE-DX1-instance.tiff,DP500-COAD_READ-GDPH_P01/part4/1711676-R2-HE-DX1.tiff
tissue_seg@10x/GDPH-tissue-segmentation/GDPH-tissue-segmentation/1712093-8-HE-DX1.png,DP500-COAD_READ-GDPH_P01/part4/1712093-8-HE-DX1-class.tiff,DP500-COAD_READ-GDPH_P01/part4/1712093-8-HE-DX1-instance.tiff,DP500-COAD_READ-GDPH_P01/part4/1712093-8-HE-DX1.tiff
tissue_seg@10x/GDPH-tissue-segmentation/GDPH-tissue-segmentation/1712227-7-HE-DX1.png,DP500-COAD_READ-GDPH_P01/part4/1712227-7-HE-DX1-class.tiff,DP500-COAD_READ-GDPH_P01/part4/1712227-7-HE-DX1-instance.tiff,DP500-COAD_READ-GDPH_P01/part4/1712227-7-HE-DX1.tiff
tissue_seg@10x/GDPH-tissue-segmentation/GDPH-tissue-segmentation/1712681-7-HE-DX1.png,DP500-COAD_READ-GDPH_P01/part4/1712681-7-HE-DX1-class.tiff,DP500-COAD_READ-GDPH_P01/part4/1712681-7-HE-DX1-instance.tiff,DP500-COAD_READ-GDPH_P01/part4/1712681-7-HE-DX1.tiff
tissue_seg@10x/GDPH-tissue-segmentation/GDPH-tissue-segmentation/1712862-16-HE-DX1.png,DP500-COAD_READ-GDPH_P01/part4/1712862-16-HE-DX1-class.tiff,DP500-COAD_READ-GDPH_P01/part4/1712862-16-HE-DX1-instance.tiff,DP500-COAD_READ-GDPH_P01/part4/1712862-16-HE-DX1.tiff
tissue_seg@10x/GDPH-tissue-segmentation/GDPH-tissue-segmentation/1716502-13-HE-DX1.png,DP500-COAD_READ-GDPH_P01/part4/1716502-13-HE-DX1-class.tiff,DP500-COAD_READ-GDPH_P01/part4/1716502-13-HE-DX1-instance.tiff,DP500-COAD_READ-GDPH_P01/part4/1716502-13-HE-DX1.tiff
tissue_seg@10x/GDPH-tissue-segmentation/GDPH-tissue-segmentation/1716603-10-HE-DX1.png,DP500-COAD_READ-GDPH_P01/part4/1716603-10-HE-DX1-class.tiff,DP500-COAD_READ-GDPH_P01/part4/1716603-10-HE-DX1-instance.tiff,DP500-COAD_READ-GDPH_P01/part4/1716603-10-HE-DX1.tiff
tissue_seg@10x/GDPH-tissue-segmentation/GDPH-tissue-segmentation/1716906-11-HE-DX1.png,DP500-COAD_READ-GDPH_P01/part4/1716906-11-HE-DX1-class.tiff,DP500-COAD_READ-GDPH_P01/part4/1716906-11-HE-DX1-instance.tiff,DP500-COAD_READ-GDPH_P01/part4/1716906-11-HE-DX1.tiff
tissue_seg@10x/GDPH-tissue-segmentation/GDPH-tissue-segmentation/1717741-9-HE-DX1.png,DP500-COAD_READ-GDPH_P01/part4/1717741-9-HE-DX1-class.tiff,DP500-COAD_READ-GDPH_P01/part4/1717741-9-HE-DX1-instance.tiff,DP500-COAD_READ-GDPH_P01/part4/1717741-9-HE-DX1.tiff
tissue_seg@10x/GDPH-tissue-segmentation/GDPH-tissue-segmentation/1718589-12-HE-DX1.png,DP500-COAD_READ-GDPH_P01/part4/1718589-12-HE-DX1-class.tiff,DP500-COAD_READ-GDPH_P01/part4/1718589-12-HE-DX1-instance.tiff,DP500-COAD_READ-GDPH_P01/part4/1718589-12-HE-DX1.tiff
tissue_seg@10x/GDPH-tissue-segmentation/GDPH-tissue-segmentation/1719067-8-HE-DX1.png,DP500-COAD_READ-GDPH_P01/part4/1719067-8-HE-DX1-class.tiff,DP500-COAD_READ-GDPH_P01/part4/1719067-8-HE-DX1-instance.tiff,DP500-COAD_READ-GDPH_P01/part4/1719067-8-HE-DX1.tiff
tissue_seg@10x/GDPH-tissue-segmentation/GDPH-tissue-segmentation/1719497-R2-HE-DX1.png,DP500-COAD_READ-GDPH_P01/part4/1719497-R2-HE-DX1-class.tiff,DP500-COAD_READ-GDPH_P01/part4/1719497-R2-HE-DX1-instance.tiff,DP500-COAD_READ-GDPH_P01/part4/1719497-R2-HE-DX1.tiff
tissue_seg@10x/GDPH-tissue-segmentation/GDPH-tissue-segmentation/1719613-5-HE-DX1.png,DP500-COAD_READ-GDPH_P01/part4/1719613-5-HE-DX1-class.tiff,DP500-COAD_READ-GDPH_P01/part4/1719613-5-HE-DX1-instance.tiff,DP500-COAD_READ-GDPH_P01/part4/1719613-5-HE-DX1.tiff
tissue_seg@10x/GDPH-tissue-segmentation/GDPH-tissue-segmentation/1719968-7-HE-DX1.png,DP500-COAD_READ-GDPH_P01/part4/1719968-7-HE-DX1-class.tiff,DP500-COAD_READ-GDPH_P01/part4/1719968-7-HE-DX1-instance.tiff,DP500-COAD_READ-GDPH_P01/part4/1719968-7-HE-DX1.tiff
tissue_seg@10x/GDPH-tissue-segmentation/GDPH-tissue-segmentation/1720488-R1-HE-DX1.png,DP500-COAD_READ-GDPH_P01/part4/1720488-R1-HE-DX1-class.tiff,DP500-COAD_READ-GDPH_P01/part4/1720488-R1-HE-DX1-instance.tiff,DP500-COAD_READ-GDPH_P01/part4/1720488-R1-HE-DX1.tiff
tissue_seg@10x/GDPH-tissue-segmentation/GDPH-tissue-segmentation/1721838-4-HE-DX1.png,DP500-COAD_READ-GDPH_P01/part4/1721838-4-HE-DX1-class.tiff,DP500-COAD_READ-GDPH_P01/part4/1721838-4-HE-DX1-instance.tiff,DP500-COAD_READ-GDPH_P01/part4/1721838-4-HE-DX1.tiff
tissue_seg@10x/GDPH-tissue-segmentation/GDPH-tissue-segmentation/1722497-15-HE-DX1.png,DP500-COAD_READ-GDPH_P01/part4/1722497-15-HE-DX1-class.tiff,DP500-COAD_READ-GDPH_P01/part4/1722497-15-HE-DX1-instance.tiff,DP500-COAD_READ-GDPH_P01/part4/1722497-15-HE-DX1.tiff
tissue_seg@10x/GDPH-tissue-segmentation/GDPH-tissue-segmentation/1722938-17-HE-DX1.png,DP500-COAD_READ-GDPH_P01/part4/1722938-17-HE-DX1-class.tiff,DP500-COAD_READ-GDPH_P01/part4/1722938-17-HE-DX1-instance.tiff,DP500-COAD_READ-GDPH_P01/part4/1722938-17-HE-DX1.tiff
tissue_seg@10x/GDPH-tissue-segmentation/GDPH-tissue-segmentation/1723107-14-HE-DX1.png,DP500-COAD_READ-GDPH_P01/part4/1723107-14-HE-DX1-class.tiff,DP500-COAD_READ-GDPH_P01/part4/1723107-14-HE-DX1-instance.tiff,DP500-COAD_READ-GDPH_P01/part4/1723107-14-HE-DX1.tiff
tissue_seg@10x/GDPH-tissue-segmentation/GDPH-tissue-segmentation/1724216-12-HE-DX1.png,DP500-COAD_READ-GDPH_P01/part4/1724216-12-HE-DX1-class.tiff,DP500-COAD_READ-GDPH_P01/part4/1724216-12-HE-DX1-instance.tiff,DP500-COAD_READ-GDPH_P01/part4/1724216-12-HE-DX1.tiff
tissue_seg@10x/GDPH-tissue-segmentation/GDPH-tissue-segmentation/1725266-6-HE-DX1.png,DP500-COAD_READ-GDPH_P01/part4/1725266-6-HE-DX1-class.tiff,DP500-COAD_READ-GDPH_P01/part4/1725266-6-HE-DX1-instance.tiff,DP500-COAD_READ-GDPH_P01/part4/1725266-6-HE-DX1.tiff
tissue_seg@10x/GDPH-tissue-segmentation/GDPH-tissue-segmentation/1725392-8-HE-DX1.png,DP500-COAD_READ-GDPH_P01/part4/1725392-8-HE-DX1-class.tiff,DP500-COAD_READ-GDPH_P01/part4/1725392-8-HE-DX1-instance.tiff,DP500-COAD_READ-GDPH_P01/part4/1725392-8-HE-DX1.tiff
tissue_seg@10x/GDPH-tissue-segmentation/GDPH-tissue-segmentation/1725746-12-HE-DX1.png,DP500-COAD_READ-GDPH_P01/part4/1725746-12-HE-DX1-class.tiff,DP500-COAD_READ-GDPH_P01/part4/1725746-12-HE-DX1-instance.tiff,DP500-COAD_READ-GDPH_P01/part4/1725746-12-HE-DX1.tiff
tissue_seg@10x/GDPH-tissue-segmentation/GDPH-tissue-segmentation/1725889-R2-HE-DX1.png,DP500-COAD_READ-GDPH_P01/part4/1725889-R2-HE-DX1-class.tiff,DP500-COAD_READ-GDPH_P01/part4/1725889-R2-HE-DX1-instance.tiff,DP500-COAD_READ-GDPH_P01/part4/1725889-R2-HE-DX1.tiff
tissue_seg@10x/GDPH-tissue-segmentation/GDPH-tissue-segmentation/1726016-10-HE-DX1.png,DP500-COAD_READ-GDPH_P01/part4/1726016-10-HE-DX1-class.tiff,DP500-COAD_READ-GDPH_P01/part4/1726016-10-HE-DX1-instance.tiff,DP500-COAD_READ-GDPH_P01/part4/1726016-10-HE-DX1.tiff
tissue_seg@10x/GDPH-tissue-segmentation/GDPH-tissue-segmentation/1726467-7-HE-DX1.png,DP500-COAD_READ-GDPH_P01/part4/1726467-7-HE-DX1-class.tiff,DP500-COAD_READ-GDPH_P01/part4/1726467-7-HE-DX1-instance.tiff,DP500-COAD_READ-GDPH_P01/part4/1726467-7-HE-DX1.tiff
tissue_seg@10x/GDPH-tissue-segmentation/GDPH-tissue-segmentation/1726831-5-HE-DX1.png,DP500-COAD_READ-GDPH_P01/part4/1726831-5-HE-DX1-class.tiff,DP500-COAD_READ-GDPH_P01/part4/1726831-5-HE-DX1-instance.tiff,DP500-COAD_READ-GDPH_P01/part4/1726831-5-HE-DX1.tiff
tissue_seg@10x/GDPH-tissue-segmentation/GDPH-tissue-segmentation/1726967-15-HE-DX1.png,DP500-COAD_READ-GDPH_P01/part4/1726967-15-HE-DX1-class.tiff,DP500-COAD_READ-GDPH_P01/part4/1726967-15-HE-DX1-instance.tiff,DP500-COAD_READ-GDPH_P01/part4/1726967-15-HE-DX1.tiff
tissue_seg@10x/GDPH-tissue-segmentation/GDPH-tissue-segmentation/1727237-10-HE-DX1.png,DP500-COAD_READ-GDPH_P01/part4/1727237-10-HE-DX1-class.tiff,DP500-COAD_READ-GDPH_P01/part4/1727237-10-HE-DX1-instance.tiff,DP500-COAD_READ-GDPH_P01/part4/1727237-10-HE-DX1.tiff
tissue_seg@10x/GDPH-tissue-segmentation/GDPH-tissue-segmentation/1727521-10-HE-DX1.png,DP500-COAD_READ-GDPH_P01/part4/1727521-10-HE-DX1-class.tiff,DP500-COAD_READ-GDPH_P01/part4/1727521-10-HE-DX1-instance.tiff,DP500-COAD_READ-GDPH_P01/part4/1727521-10-HE-DX1.tiff
tissue_seg@10x/GDPH-tissue-segmentation/GDPH-tissue-segmentation/1728407-14-HE-DX1.png,DP500-COAD_READ-GDPH_P01/part4/1728407-14-HE-DX1-class.tiff,DP500-COAD_READ-GDPH_P01/part4/1728407-14-HE-DX1-instance.tiff,DP500-COAD_READ-GDPH_P01/part4/1728407-14-HE-DX1.tiff
tissue_seg@10x/GDPH-tissue-segmentation/GDPH-tissue-segmentation/1728523-R1-HE-DX1.png,DP500-COAD_READ-GDPH_P01/part4/1728523-R1-HE-DX1-class.tiff,DP500-COAD_READ-GDPH_P01/part4/1728523-R1-HE-DX1-instance.tiff,DP500-COAD_READ-GDPH_P01/part4/1728523-R1-HE-DX1.tiff
tissue_seg@10x/GDPH-tissue-segmentation/GDPH-tissue-segmentation/1728839-7-HE-DX1.png,DP500-COAD_READ-GDPH_P01/part4/1728839-7-HE-DX1-class.tiff,DP500-COAD_READ-GDPH_P01/part4/1728839-7-HE-DX1-instance.tiff,DP500-COAD_READ-GDPH_P01/part4/1728839-7-HE-DX1.tiff
tissue_seg@10x/GDPH-tissue-segmentation/GDPH-tissue-segmentation/1728933-11-HE-DX1.png,DP500-COAD_READ-GDPH_P01/part4/1728933-11-HE-DX1-class.tiff,DP500-COAD_READ-GDPH_P01/part4/1728933-11-HE-DX1-instance.tiff,DP500-COAD_READ-GDPH_P01/part4/1728933-11-HE-DX1.tiff
tissue_seg@10x/GDPH-tissue-segmentation/GDPH-tissue-segmentation/1729159-15-HE-DX1.png,DP500-COAD_READ-GDPH_P01/part4/1729159-15-HE-DX1-class.tiff,DP500-COAD_READ-GDPH_P01/part4/1729159-15-HE-DX1-instance.tiff,DP500-COAD_READ-GDPH_P01/part4/1729159-15-HE-DX1.tiff
tissue_seg@10x/GDPH-tissue-segmentation/GDPH-tissue-segmentation/1729747-8-HE-DX1.png,DP500-COAD_READ-GDPH_P01/part4/1729747-8-HE-DX1-class.tiff,DP500-COAD_READ-GDPH_P01/part4/1729747-8-HE-DX1-instance.tiff,DP500-COAD_READ-GDPH_P01/part4/1729747-8-HE-DX1.tiff
tissue_seg@10x/GDPH-tissue-segmentation/GDPH-tissue-segmentation/1730173-12-HE-DX1.png,DP500-COAD_READ-GDPH_P01/part4/1730173-12-HE-DX1-class.tiff,DP500-COAD_READ-GDPH_P01/part4/1730173-12-HE-DX1-instance.tiff,DP500-COAD_READ-GDPH_P01/part4/1730173-12-HE-DX1.tiff
tissue_seg@10x/GDPH-tissue-segmentation/GDPH-tissue-segmentation/1730278-7-HE-DX1.png,DP500-COAD_READ-GDPH_P01/part4/1730278-7-HE-DX1-class.tiff,DP500-COAD_READ-GDPH_P01/part4/1730278-7-HE-DX1-instance.tiff,DP500-COAD_READ-GDPH_P01/part4/1730278-7-HE-DX1.tiff
tissue_seg@10x/GDPH-tissue-segmentation/GDPH-tissue-segmentation/1730516-30-HE-DX1.png,DP500-COAD_READ-GDPH_P01/part4/1730516-30-HE-DX1-class.tiff,DP500-COAD_READ-GDPH_P01/part4/1730516-30-HE-DX1-instance.tiff,DP500-COAD_READ-GDPH_P01/part4/1730516-30-HE-DX1.tiff
tissue_seg@10x/GDPH-tissue-segmentation/GDPH-tissue-segmentation/1731006-16-HE-DX1.png,DP500-COAD_READ-GDPH_P01/part4/1731006-16-HE-DX1-class.tiff,DP500-COAD_READ-GDPH_P01/part4/1731006-16-HE-DX1-instance.tiff,DP500-COAD_READ-GDPH_P01/part4/1731006-16-HE-DX1.tiff
tissue_seg@10x/GDPH-tissue-segmentation/GDPH-tissue-segmentation/1731133-13-HE-DX1.png,DP500-COAD_READ-GDPH_P01/part4/1731133-13-HE-DX1-class.tiff,DP500-COAD_READ-GDPH_P01/part4/1731133-13-HE-DX1-instance.tiff,DP500-COAD_READ-GDPH_P01/part4/1731133-13-HE-DX1.tiff
tissue_seg@10x/GDPH-tissue-segmentation/GDPH-tissue-segmentation/1732248-12-HE-DX1.png,DP500-COAD_READ-GDPH_P01/part4/1732248-12-HE-DX1-class.tiff,DP500-COAD_READ-GDPH_P01/part4/1732248-12-HE-DX1-instance.tiff,DP500-COAD_READ-GDPH_P01/part4/1732248-12-HE-DX1.tiff
tissue_seg@10x/GDPH-tissue-segmentation/GDPH-tissue-segmentation/1733032-10-HE-DX1.png,DP500-COAD_READ-GDPH_P01/part4/1733032-10-HE-DX1-class.tiff,DP500-COAD_READ-GDPH_P01/part4/1733032-10-HE-DX1-instance.tiff,DP500-COAD_READ-GDPH_P01/part4/1733032-10-HE-DX1.tiff
tissue_seg@10x/GDPH-tissue-segmentation/GDPH-tissue-segmentation/1733039-9-HE-DX1.png,DP500-COAD_READ-GDPH_P01/part4/1733039-9-HE-DX1-class.tiff,DP500-COAD_READ-GDPH_P01/part4/1733039-9-HE-DX1-instance.tiff,DP500-COAD_READ-GDPH_P01/part4/1733039-9-HE-DX1.tiff
tissue_seg@10x/GDPH-tissue-segmentation/GDPH-tissue-segmentation/1733040-11-HE-DX1.png,DP500-COAD_READ-GDPH_P01/part4/1733040-11-HE-DX1-class.tiff,DP500-COAD_READ-GDPH_P01/part4/1733040-11-HE-DX1-instance.tiff,DP500-COAD_READ-GDPH_P01/part4/1733040-11-HE-DX1.tiff
tissue_seg@10x/GDPH-tissue-segmentation/GDPH-tissue-segmentation/1733151-12-HE-DX1.png,DP500-COAD_READ-GDPH_P01/part4/1733151-12-HE-DX1-class.tiff,DP500-COAD_READ-GDPH_P01/part4/1733151-12-HE-DX1-instance.tiff,DP500-COAD_READ-GDPH_P01/part4/1733151-12-HE-DX1.tiff
tissue_seg@10x/GDPH-tissue-segmentation/GDPH-tissue-segmentation/1733410-9-HE-DX1.png,DP500-COAD_READ-GDPH_P01/part4/1733410-9-HE-DX1-class.tiff,DP500-COAD_READ-GDPH_P01/part4/1733410-9-HE-DX1-instance.tiff,DP500-COAD_READ-GDPH_P01/part4/1733410-9-HE-DX1.tiff
tissue_seg@10x/GDPH-tissue-segmentation/GDPH-tissue-segmentation/1735290-14-HE-DX1.png,DP500-COAD_READ-GDPH_P01/part4/1735290-14-HE-DX1-class.tiff,DP500-COAD_READ-GDPH_P01/part4/1735290-14-HE-DX1-instance.tiff,DP500-COAD_READ-GDPH_P01/part4/1735290-14-HE-DX1.tiff
tissue_seg@10x/GDPH-tissue-segmentation/GDPH-tissue-segmentation/1735528-10-HE-DX1.png,DP500-COAD_READ-GDPH_P01/part4/1735528-10-HE-DX1-class.tiff,DP500-COAD_READ-GDPH_P01/part4/1735528-10-HE-DX1-instance.tiff,DP500-COAD_READ-GDPH_P01/part4/1735528-10-HE-DX1.tiff
tissue_seg@10x/GDPH-tissue-segmentation/GDPH-tissue-segmentation/1735539-R2-HE-DX1.png,DP500-COAD_READ-GDPH_P01/part4/1735539-R2-HE-DX1-class.tiff,DP500-COAD_READ-GDPH_P01/part4/1735539-R2-HE-DX1-instance.tiff,DP500-COAD_READ-GDPH_P01/part4/1735539-R2-HE-DX1.tiff
tissue_seg@10x/GDPH-tissue-segmentation/GDPH-tissue-segmentation/1735996-7-HE-DX1.png,DP500-COAD_READ-GDPH_P01/part4/1735996-7-HE-DX1-class.tiff,DP500-COAD_READ-GDPH_P01/part4/1735996-7-HE-DX1-instance.tiff,DP500-COAD_READ-GDPH_P01/part4/1735996-7-HE-DX1.tiff
tissue_seg@10x/GDPH-tissue-segmentation/GDPH-tissue-segmentation/1736765-R2-HE-DX1.png,DP500-COAD_READ-GDPH_P01/part4/1736765-R2-HE-DX1-class.tiff,DP500-COAD_READ-GDPH_P01/part4/1736765-R2-HE-DX1-instance.tiff,DP500-COAD_READ-GDPH_P01/part4/1736765-R2-HE-DX1.tiff
tissue_seg@10x/GDPH-tissue-segmentation/GDPH-tissue-segmentation/1736771-8-HE-DX1.png,DP500-COAD_READ-GDPH_P01/part4/1736771-8-HE-DX1-class.tiff,DP500-COAD_READ-GDPH_P01/part4/1736771-8-HE-DX1-instance.tiff,DP500-COAD_READ-GDPH_P01/part4/1736771-8-HE-DX1.tiff
tissue_seg@10x/GDPH-tissue-segmentation/GDPH-tissue-segmentation/1737225-8-HE-DX1.png,DP500-COAD_READ-GDPH_P01/part4/1737225-8-HE-DX1-class.tiff,DP500-COAD_READ-GDPH_P01/part4/1737225-8-HE-DX1-instance.tiff,DP500-COAD_READ-GDPH_P01/part4/1737225-8-HE-DX1.tiff
tissue_seg@10x/GDPH-tissue-segmentation/GDPH-tissue-segmentation/1737345-5-HE-DX1.png,DP500-COAD_READ-GDPH_P01/part4/1737345-5-HE-DX1-class.tiff,DP500-COAD_READ-GDPH_P01/part4/1737345-5-HE-DX1-instance.tiff,DP500-COAD_READ-GDPH_P01/part4/1737345-5-HE-DX1.tiff
tissue_seg@10x/GDPH-tissue-segmentation/GDPH-tissue-segmentation/1737854-R1-HE-DX1.png,DP500-COAD_READ-GDPH_P01/part4/1737854-R1-HE-DX1-class.tiff,DP500-COAD_READ-GDPH_P01/part4/1737854-R1-HE-DX1-instance.tiff,DP500-COAD_READ-GDPH_P01/part4/1737854-R1-HE-DX1.tiff
tissue_seg@10x/GDPH-tissue-segmentation/GDPH-tissue-segmentation/1738054-14-HE-DX1.png,DP500-COAD_READ-GDPH_P01/part4/1738054-14-HE-DX1-class.tiff,DP500-COAD_READ-GDPH_P01/part4/1738054-14-HE-DX1-instance.tiff,DP500-COAD_READ-GDPH_P01/part4/1738054-14-HE-DX1.tiff
tissue_seg@10x/GDPH-tissue-segmentation/GDPH-tissue-segmentation/1738091-12-HE-DX1.png,DP500-COAD_READ-GDPH_P01/part4/1738091-12-HE-DX1-class.tiff,DP500-COAD_READ-GDPH_P01/part4/1738091-12-HE-DX1-instance.tiff,DP500-COAD_READ-GDPH_P01/part4/1738091-12-HE-DX1.tiff
tissue_seg@10x/GDPH-tissue-segmentation/GDPH-tissue-segmentation/1738196-15-HE-DX1.png,DP500-COAD_READ-GDPH_P01/part4/1738196-15-HE-DX1-class.tiff,DP500-COAD_READ-GDPH_P01/part4/1738196-15-HE-DX1-instance.tiff,DP500-COAD_READ-GDPH_P01/part4/1738196-15-HE-DX1.tiff
tissue_seg@10x/GDPH-tissue-segmentation/GDPH-tissue-segmentation/1738568-12-HE-DX1.png,DP500-COAD_READ-GDPH_P01/part4/1738568-12-HE-DX1-class.tiff,DP500-COAD_READ-GDPH_P01/part4/1738568-12-HE-DX1-instance.tiff,DP500-COAD_READ-GDPH_P01/part4/1738568-12-HE-DX1.tiff
tissue_seg@10x/GDPH-tissue-segmentation/GDPH-tissue-segmentation/1739545-5-HE-DX1.png,DP500-COAD_READ-GDPH_P01/part4/1739545-5-HE-DX1-class.tiff,DP500-COAD_READ-GDPH_P01/part4/1739545-5-HE-DX1-instance.tiff,DP500-COAD_READ-GDPH_P01/part4/1739545-5-HE-DX1.tiff
tissue_seg@10x/GDPH-tissue-segmentation/GDPH-tissue-segmentation/1739595-12-HE-DX1.png,DP500-COAD_READ-GDPH_P01/part4/1739595-12-HE-DX1-class.tiff,DP500-COAD_READ-GDPH_P01/part4/1739595-12-HE-DX1-instance.tiff,DP500-COAD_READ-GDPH_P01/part4/1739595-12-HE-DX1.tiff
tissue_seg@10x/GDPH-tissue-segmentation/GDPH-tissue-segmentation/1740147-12-HE-DX1.png,DP500-COAD_READ-GDPH_P01/part4/1740147-12-HE-DX1-class.tiff,DP500-COAD_READ-GDPH_P01/part4/1740147-12-HE-DX1-instance.tiff,DP500-COAD_READ-GDPH_P01/part4/1740147-12-HE-DX1.tiff
tissue_seg@10x/GDPH-tissue-segmentation/GDPH-tissue-segmentation/1740939-13-HE-DX1.png,DP500-COAD_READ-GDPH_P01/part4/1740939-13-HE-DX1-class.tiff,DP500-COAD_READ-GDPH_P01/part4/1740939-13-HE-DX1-instance.tiff,DP500-COAD_READ-GDPH_P01/part4/1740939-13-HE-DX1.tiff
tissue_seg@10x/GDPH-tissue-segmentation/GDPH-tissue-segmentation/1740975-14-HE-DX1.png,DP500-COAD_READ-GDPH_P01/part4/1740975-14-HE-DX1-class.tiff,DP500-COAD_READ-GDPH_P01/part4/1740975-14-HE-DX1-instance.tiff,DP500-COAD_READ-GDPH_P01/part4/1740975-14-HE-DX1.tiff
tissue_seg@10x/GDPH-tissue-segmentation/GDPH-tissue-segmentation/1741062-11-HE-DX1.png,DP500-COAD_READ-GDPH_P01/part4/1741062-11-HE-DX1-class.tiff,DP500-COAD_READ-GDPH_P01/part4/1741062-11-HE-DX1-instance.tiff,DP500-COAD_READ-GDPH_P01/part4/1741062-11-HE-DX1.tiff
tissue_seg@10x/GDPH-tissue-segmentation/GDPH-tissue-segmentation/1741526-12-HE-DX1.png,DP500-COAD_READ-GDPH_P01/part4/1741526-12-HE-DX1-class.tiff,DP500-COAD_READ-GDPH_P01/part4/1741526-12-HE-DX1-instance.tiff,DP500-COAD_READ-GDPH_P01/part4/1741526-12-HE-DX1.tiff
tissue_seg@10x/GDPH-tissue-segmentation/GDPH-tissue-segmentation/1741869-10-HE-DX1.png,DP500-COAD_READ-GDPH_P01/part4/1741869-10-HE-DX1-class.tiff,DP500-COAD_READ-GDPH_P01/part4/1741869-10-HE-DX1-instance.tiff,DP500-COAD_READ-GDPH_P01/part4/1741869-10-HE-DX1.tiff
tissue_seg@10x/GDPH-tissue-segmentation/GDPH-tissue-segmentation/1741872-12-HE-DX1.png,DP500-COAD_READ-GDPH_P01/part4/1741872-12-HE-DX1-class.tiff,DP500-COAD_READ-GDPH_P01/part4/1741872-12-HE-DX1-instance.tiff,DP500-COAD_READ-GDPH_P01/part4/1741872-12-HE-DX1.tiff
tissue_seg@10x/GDPH-tissue-segmentation/GDPH-tissue-segmentation/1742621-R2-HE-DX1.png,DP500-COAD_READ-GDPH_P01/part4/1742621-R2-HE-DX1-class.tiff,DP500-COAD_READ-GDPH_P01/part4/1742621-R2-HE-DX1-instance.tiff,DP500-COAD_READ-GDPH_P01/part4/1742621-R2-HE-DX1.tiff
tissue_seg@10x/GDPH-tissue-segmentation/GDPH-tissue-segmentation/1742638-9-HE-DX1.png,DP500-COAD_READ-GDPH_P01/part4/1742638-9-HE-DX1-class.tiff,DP500-COAD_READ-GDPH_P01/part4/1742638-9-HE-DX1-instance.tiff,DP500-COAD_READ-GDPH_P01/part4/1742638-9-HE-DX1.tiff
tissue_seg@10x/GDPH-tissue-segmentation/GDPH-tissue-segmentation/1742799-6-HE-DX1.png,DP500-COAD_READ-GDPH_P01/part5/1742799-6-HE-DX1-class.tiff,DP500-COAD_READ-GDPH_P01/part5/1742799-6-HE-DX1-instance.tiff,DP500-COAD_READ-GDPH_P01/part5/1742799-6-HE-DX1.tiff
tissue_seg@10x/GDPH-tissue-segmentation/GDPH-tissue-segmentation/1742870-12-HE-DX1.png,DP500-COAD_READ-GDPH_P01/part5/1742870-12-HE-DX1-class.tiff,DP500-COAD_READ-GDPH_P01/part5/1742870-12-HE-DX1-instance.tiff,DP500-COAD_READ-GDPH_P01/part5/1742870-12-HE-DX1.tiff
tissue_seg@10x/GDPH-tissue-segmentation/GDPH-tissue-segmentation/1743039-16-HE-DX1.png,DP500-COAD_READ-GDPH_P01/part5/1743039-16-HE-DX1-class.tiff,DP500-COAD_READ-GDPH_P01/part5/1743039-16-HE-DX1-instance.tiff,DP500-COAD_READ-GDPH_P01/part5/1743039-16-HE-DX1.tiff
tissue_seg@10x/GDPH-tissue-segmentation/GDPH-tissue-segmentation/1744128-15-HE-DX1.png,DP500-COAD_READ-GDPH_P01/part5/1744128-15-HE-DX1-class.tiff,DP500-COAD_READ-GDPH_P01/part5/1744128-15-HE-DX1-instance.tiff,DP500-COAD_READ-GDPH_P01/part5/1744128-15-HE-DX1.tiff
tissue_seg@10x/GDPH-tissue-segmentation/GDPH-tissue-segmentation/1744772-R1-HE-DX1.png,DP500-COAD_READ-GDPH_P01/part5/1744772-R1-HE-DX1-class.tiff,DP500-COAD_READ-GDPH_P01/part5/1744772-R1-HE-DX1-instance.tiff,DP500-COAD_READ-GDPH_P01/part5/1744772-R1-HE-DX1.tiff
tissue_seg@10x/GDPH-tissue-segmentation/GDPH-tissue-segmentation/1744841-12-HE-DX1.png,DP500-COAD_READ-GDPH_P01/part5/1744841-12-HE-DX1-class.tiff,DP500-COAD_READ-GDPH_P01/part5/1744841-12-HE-DX1-instance.tiff,DP500-COAD_READ-GDPH_P01/part5/1744841-12-HE-DX1.tiff
tissue_seg@10x/GDPH-tissue-segmentation/GDPH-tissue-segmentation/1747080-14-HE-DX1.png,DP500-COAD_READ-GDPH_P01/part5/1747080-14-HE-DX1-class.tiff,DP500-COAD_READ-GDPH_P01/part5/1747080-14-HE-DX1-instance.tiff,DP500-COAD_READ-GDPH_P01/part5/1747080-14-HE-DX1.tiff
tissue_seg@10x/GDPH-tissue-segmentation/GDPH-tissue-segmentation/1747398-12-HE-DX1.png,DP500-COAD_READ-GDPH_P01/part5/1747398-12-HE-DX1-class.tiff,DP500-COAD_READ-GDPH_P01/part5/1747398-12-HE-DX1-instance.tiff,DP500-COAD_READ-GDPH_P01/part5/1747398-12-HE-DX1.tiff
tissue_seg@10x/GDPH-tissue-segmentation/GDPH-tissue-segmentation/1747672-15-HE-DX1.png,DP500-COAD_READ-GDPH_P01/part5/1747672-15-HE-DX1-class.tiff,DP500-COAD_READ-GDPH_P01/part5/1747672-15-HE-DX1-instance.tiff,DP500-COAD_READ-GDPH_P01/part5/1747672-15-HE-DX1.tiff
tissue_seg@10x/GDPH-tissue-segmentation/GDPH-tissue-segmentation/1747789-8-HE-DX1.png,DP500-COAD_READ-GDPH_P01/part5/1747789-8-HE-DX1-class.tiff,DP500-COAD_READ-GDPH_P01/part5/1747789-8-HE-DX1-instance.tiff,DP500-COAD_READ-GDPH_P01/part5/1747789-8-HE-DX1.tiff
tissue_seg@10x/GDPH-tissue-segmentation/GDPH-tissue-segmentation/1748204-13-HE-DX1.png,DP500-COAD_READ-GDPH_P01/part5/1748204-13-HE-DX1-class.tiff,DP500-COAD_READ-GDPH_P01/part5/1748204-13-HE-DX1-instance.tiff,DP500-COAD_READ-GDPH_P01/part5/1748204-13-HE-DX1.tiff
tissue_seg@10x/GDPH-tissue-segmentation/GDPH-tissue-segmentation/1748638-6-HE-DX1.png,DP500-COAD_READ-GDPH_P01/part5/1748638-6-HE-DX1-class.tiff,DP500-COAD_READ-GDPH_P01/part5/1748638-6-HE-DX1-instance.tiff,DP500-COAD_READ-GDPH_P01/part5/1748638-6-HE-DX1.tiff
tissue_seg@10x/GDPH-tissue-segmentation/GDPH-tissue-segmentation/1749180-16-HE-DX1.png,DP500-COAD_READ-GDPH_P01/part5/1749180-16-HE-DX1-class.tiff,DP500-COAD_READ-GDPH_P01/part5/1749180-16-HE-DX1-instance.tiff,DP500-COAD_READ-GDPH_P01/part5/1749180-16-HE-DX1.tiff
tissue_seg@10x/GDPH-tissue-segmentation/GDPH-tissue-segmentation/1749181-15-HE-DX1.png,DP500-COAD_READ-GDPH_P01/part5/1749181-15-HE-DX1-class.tiff,DP500-COAD_READ-GDPH_P01/part5/1749181-15-HE-DX1-instance.tiff,DP500-COAD_READ-GDPH_P01/part5/1749181-15-HE-DX1.tiff
tissue_seg@10x/GDPH-tissue-segmentation/GDPH-tissue-segmentation/1749444-15-HE-DX1.png,DP500-COAD_READ-GDPH_P01/part5/1749444-15-HE-DX1-class.tiff,DP500-COAD_READ-GDPH_P01/part5/1749444-15-HE-DX1-instance.tiff,DP500-COAD_READ-GDPH_P01/part5/1749444-15-HE-DX1.tiff
tissue_seg@10x/GDPH-tissue-segmentation/GDPH-tissue-segmentation/1750520-16-HE-DX1.png,DP500-COAD_READ-GDPH_P01/part5/1750520-16-HE-DX1-class.tiff,DP500-COAD_READ-GDPH_P01/part5/1750520-16-HE-DX1-instance.tiff,DP500-COAD_READ-GDPH_P01/part5/1750520-16-HE-DX1.tiff
tissue_seg@10x/GDPH-tissue-segmentation/GDPH-tissue-segmentation/1750671-7-HE-DX1.png,DP500-COAD_READ-GDPH_P01/part5/1750671-7-HE-DX1-class.tiff,DP500-COAD_READ-GDPH_P01/part5/1750671-7-HE-DX1-instance.tiff,DP500-COAD_READ-GDPH_P01/part5/1750671-7-HE-DX1.tiff
tissue_seg@10x/GDPH-tissue-segmentation/GDPH-tissue-segmentation/1751219-23-HE-DX1.png,DP500-COAD_READ-GDPH_P01/part5/1751219-23-HE-DX1-class.tiff,DP500-COAD_READ-GDPH_P01/part5/1751219-23-HE-DX1-instance.tiff,DP500-COAD_READ-GDPH_P01/part5/1751219-23-HE-DX1.tiff
tissue_seg@10x/GDPH-tissue-segmentation/GDPH-tissue-segmentation/1751561-9-HE-DX1.png,DP500-COAD_READ-GDPH_P01/part5/1751561-9-HE-DX1-class.tiff,DP500-COAD_READ-GDPH_P01/part5/1751561-9-HE-DX1-instance.tiff,DP500-COAD_READ-GDPH_P01/part5/1751561-9-HE-DX1.tiff
tissue_seg@10x/GDPH-tissue-segmentation/GDPH-tissue-segmentation/1751787-R1-HE-DX1.png,DP500-COAD_READ-GDPH_P01/part5/1751787-R1-HE-DX1-class.tiff,DP500-COAD_READ-GDPH_P01/part5/1751787-R1-HE-DX1-instance.tiff,DP500-COAD_READ-GDPH_P01/part5/1751787-R1-HE-DX1.tiff
tissue_seg@10x/GDPH-tissue-segmentation/GDPH-tissue-segmentation/1752273-9-HE-DX1.png,DP500-COAD_READ-GDPH_P01/part5/1752273-9-HE-DX1-class.tiff,DP500-COAD_READ-GDPH_P01/part5/1752273-9-HE-DX1-instance.tiff,DP500-COAD_READ-GDPH_P01/part5/1752273-9-HE-DX1.tiff
tissue_seg@10x/GDPH-tissue-segmentation/GDPH-tissue-segmentation/1752321-9-HE-DX1.png,DP500-COAD_READ-GDPH_P01/part5/1752321-9-HE-DX1-class.tiff,DP500-COAD_READ-GDPH_P01/part5/1752321-9-HE-DX1-instance.tiff,DP500-COAD_READ-GDPH_P01/part5/1752321-9-HE-DX1.tiff
tissue_seg@10x/GDPH-tissue-segmentation/GDPH-tissue-segmentation/1755697-11-HE-DX1.png,DP500-COAD_READ-GDPH_P01/part5/1755697-11-HE-DX1-class.tiff,DP500-COAD_READ-GDPH_P01/part5/1755697-11-HE-DX1-instance.tiff,DP500-COAD_READ-GDPH_P01/part5/1755697-11-HE-DX1.tiff
tissue_seg@10x/GDPH-tissue-segmentation/GDPH-tissue-segmentation/1756439-R2-HE-DX1.png,DP500-COAD_READ-GDPH_P01/part5/1756439-R2-HE-DX1-class.tiff,DP500-COAD_READ-GDPH_P01/part5/1756439-R2-HE-DX1-instance.tiff,DP500-COAD_READ-GDPH_P01/part5/1756439-R2-HE-DX1.tiff
tissue_seg@10x/GDPH-tissue-segmentation/GDPH-tissue-segmentation/1757010-12-HE-DX1.png,DP500-COAD_READ-GDPH_P01/part5/1757010-12-HE-DX1-class.tiff,DP500-COAD_READ-GDPH_P01/part5/1757010-12-HE-DX1-instance.tiff,DP500-COAD_READ-GDPH_P01/part5/1757010-12-HE-DX1.tiff
tissue_seg@10x/GDPH-tissue-segmentation/GDPH-tissue-segmentation/1757123-9-HE-DX1.png,DP500-COAD_READ-GDPH_P01/part5/1757123-9-HE-DX1-class.tiff,DP500-COAD_READ-GDPH_P01/part5/1757123-9-HE-DX1-instance.tiff,DP500-COAD_READ-GDPH_P01/part5/1757123-9-HE-DX1.tiff
tissue_seg@10x/GDPH-tissue-segmentation/GDPH-tissue-segmentation/1757511-9-HE-DX1.png,DP500-COAD_READ-GDPH_P01/part5/1757511-9-HE-DX1-class.tiff,DP500-COAD_READ-GDPH_P01/part5/1757511-9-HE-DX1-instance.tiff,DP500-COAD_READ-GDPH_P01/part5/1757511-9-HE-DX1.tiff
tissue_seg@10x/GDPH-tissue-segmentation/GDPH-tissue-segmentation/1757524-6-HE-DX1.png,DP500-COAD_READ-GDPH_P01/part5/1757524-6-HE-DX1-class.tiff,DP500-COAD_READ-GDPH_P01/part5/1757524-6-HE-DX1-instance.tiff,DP500-COAD_READ-GDPH_P01/part5/1757524-6-HE-DX1.tiff
tissue_seg@10x/GDPH-tissue-segmentation/GDPH-tissue-segmentation/1758132-7-HE-DX1.png,DP500-COAD_READ-GDPH_P01/part5/1758132-7-HE-DX1-class.tiff,DP500-COAD_READ-GDPH_P01/part5/1758132-7-HE-DX1-instance.tiff,DP500-COAD_READ-GDPH_P01/part5/1758132-7-HE-DX1.tiff
tissue_seg@10x/GDPH-tissue-segmentation/GDPH-tissue-segmentation/1758185-8-HE-DX1.png,DP500-COAD_READ-GDPH_P01/part5/1758185-8-HE-DX1-class.tiff,DP500-COAD_READ-GDPH_P01/part5/1758185-8-HE-DX1-instance.tiff,DP500-COAD_READ-GDPH_P01/part5/1758185-8-HE-DX1.tiff
tissue_seg@10x/GDPH-tissue-segmentation/GDPH-tissue-segmentation/1758332-8-HE-DX1.png,DP500-COAD_READ-GDPH_P01/part5/1758332-8-HE-DX1-class.tiff,DP500-COAD_READ-GDPH_P01/part5/1758332-8-HE-DX1-instance.tiff,DP500-COAD_READ-GDPH_P01/part5/1758332-8-HE-DX1.tiff
tissue_seg@10x/GDPH-tissue-segmentation/GDPH-tissue-segmentation/1758940-11-HE-DX1.png,DP500-COAD_READ-GDPH_P01/part5/1758940-11-HE-DX1-class.tiff,DP500-COAD_READ-GDPH_P01/part5/1758940-11-HE-DX1-instance.tiff,DP500-COAD_READ-GDPH_P01/part5/1758940-11-HE-DX1.tiff
tissue_seg@10x/GDPH-tissue-segmentation/GDPH-tissue-segmentation/1759910-12-HE-DX1.png,DP500-COAD_READ-GDPH_P01/part5/1759910-12-HE-DX1-class.tiff,DP500-COAD_READ-GDPH_P01/part5/1759910-12-HE-DX1-instance.tiff,DP500-COAD_READ-GDPH_P01/part5/1759910-12-HE-DX1.tiff
tissue_seg@10x/GDPH-tissue-segmentation/GDPH-tissue-segmentation/1760347-12-HE-DX1.png,DP500-COAD_READ-GDPH_P01/part5/1760347-12-HE-DX1-class.tiff,DP500-COAD_READ-GDPH_P01/part5/1760347-12-HE-DX1-instance.tiff,DP500-COAD_READ-GDPH_P01/part5/1760347-12-HE-DX1.tiff
tissue_seg@10x/GDPH-tissue-segmentation/GDPH-tissue-segmentation/1761175-13-HE-DX1.png,DP500-COAD_READ-GDPH_P01/part5/1761175-13-HE-DX1-class.tiff,DP500-COAD_READ-GDPH_P01/part5/1761175-13-HE-DX1-instance.tiff,DP500-COAD_READ-GDPH_P01/part5/1761175-13-HE-DX1.tiff
tissue_seg@10x/GDPH-tissue-segmentation/GDPH-tissue-segmentation/1762230-9-HE-DX1.png,DP500-COAD_READ-GDPH_P01/part5/1762230-9-HE-DX1-class.tiff,DP500-COAD_READ-GDPH_P01/part5/1762230-9-HE-DX1-instance.tiff,DP500-COAD_READ-GDPH_P01/part5/1762230-9-HE-DX1.tiff
tissue_seg@10x/GDPH-tissue-segmentation/GDPH-tissue-segmentation/1804058-14-HE-DX1.png,DP500-COAD_READ-GDPH_P01/part5/1804058-14-HE-DX1-class.tiff,DP500-COAD_READ-GDPH_P01/part5/1804058-14-HE-DX1-instance.tiff,DP500-COAD_READ-GDPH_P01/part5/1804058-14-HE-DX1.tiff
tissue_seg@10x/GDPH-tissue-segmentation/GDPH-tissue-segmentation/1804612-5-HE-DX1.png,DP500-COAD_READ-GDPH_P01/part5/1804612-5-HE-DX1-class.tiff,DP500-COAD_READ-GDPH_P01/part5/1804612-5-HE-DX1-instance.tiff,DP500-COAD_READ-GDPH_P01/part5/1804612-5-HE-DX1.tiff
tissue_seg@10x/GDPH-tissue-segmentation/GDPH-tissue-segmentation/1807752-11-HE-DX1.png,DP500-COAD_READ-GDPH_P01/part5/1807752-11-HE-DX1-class.tiff,DP500-COAD_READ-GDPH_P01/part5/1807752-11-HE-DX1-instance.tiff,DP500-COAD_READ-GDPH_P01/part5/1807752-11-HE-DX1.tiff
tissue_seg@10x/GDPH-tissue-segmentation/GDPH-tissue-segmentation/1808484-7-HE-DX1.png,DP500-COAD_READ-GDPH_P01/part5/1808484-7-HE-DX1-class.tiff,DP500-COAD_READ-GDPH_P01/part5/1808484-7-HE-DX1-instance.tiff,DP500-COAD_READ-GDPH_P01/part5/1808484-7-HE-DX1.tiff
tissue_seg@10x/GDPH-tissue-segmentation/GDPH-tissue-segmentation/1809097-5-HE-DX1.png,DP500-COAD_READ-GDPH_P01/part5/1809097-5-HE-DX1-class.tiff,DP500-COAD_READ-GDPH_P01/part5/1809097-5-HE-DX1-instance.tiff,DP500-COAD_READ-GDPH_P01/part5/1809097-5-HE-DX1.tiff
tissue_seg@10x/GDPH-tissue-segmentation/GDPH-tissue-segmentation/1809305-12-HE-DX1.png,DP500-COAD_READ-GDPH_P01/part5/1809305-12-HE-DX1-class.tiff,DP500-COAD_READ-GDPH_P01/part5/1809305-12-HE-DX1-instance.tiff,DP500-COAD_READ-GDPH_P01/part5/1809305-12-HE-DX1.tiff
tissue_seg@10x/GDPH-tissue-segmentation/GDPH-tissue-segmentation/1809337-8-HE-DX1.png,DP500-COAD_READ-GDPH_P01/part5/1809337-8-HE-DX1-class.tiff,DP500-COAD_READ-GDPH_P01/part5/1809337-8-HE-DX1-instance.tiff,DP500-COAD_READ-GDPH_P01/part5/1809337-8-HE-DX1.tiff
tissue_seg@10x/GDPH-tissue-segmentation/GDPH-tissue-segmentation/1809559-5-HE-DX1.png,DP500-COAD_READ-GDPH_P01/part5/1809559-5-HE-DX1-class.tiff,DP500-COAD_READ-GDPH_P01/part5/1809559-5-HE-DX1-instance.tiff,DP500-COAD_READ-GDPH_P01/part5/1809559-5-HE-DX1.tiff
tissue_seg@10x/GDPH-tissue-segmentation/GDPH-tissue-segmentation/1809645-5-HE-DX1.png,DP500-COAD_READ-GDPH_P01/part5/1809645-5-HE-DX1-class.tiff,DP500-COAD_READ-GDPH_P01/part5/1809645-5-HE-DX1-instance.tiff,DP500-COAD_READ-GDPH_P01/part5/1809645-5-HE-DX1.tiff
tissue_seg@10x/GDPH-tissue-segmentation/GDPH-tissue-segmentation/1810072-11-HE-DX1.png,DP500-COAD_READ-GDPH_P01/part5/1810072-11-HE-DX1-class.tiff,DP500-COAD_READ-GDPH_P01/part5/1810072-11-HE-DX1-instance.tiff,DP500-COAD_READ-GDPH_P01/part5/1810072-11-HE-DX1.tiff
tissue_seg@10x/GDPH-tissue-segmentation/GDPH-tissue-segmentation/1810073-10-HE-DX1.png,DP500-COAD_READ-GDPH_P01/part5/1810073-10-HE-DX1-class.tiff,DP500-COAD_READ-GDPH_P01/part5/1810073-10-HE-DX1-instance.tiff,DP500-COAD_READ-GDPH_P01/part5/1810073-10-HE-DX1.tiff
tissue_seg@10x/GDPH-tissue-segmentation/GDPH-tissue-segmentation/1819229-7-HE-DX1.png,DP500-COAD_READ-GDPH_P01/part5/1819229-7-HE-DX1-class.tiff,DP500-COAD_READ-GDPH_P01/part5/1819229-7-HE-DX1-instance.tiff,DP500-COAD_READ-GDPH_P01/part5/1819229-7-HE-DX1.tiff
tissue_seg@10x/GDPH-tissue-segmentation/GDPH-tissue-segmentation/1820665-11-HE-DX1.png,DP500-COAD_READ-GDPH_P01/part5/1820665-11-HE-DX1-class.tiff,DP500-COAD_READ-GDPH_P01/part5/1820665-11-HE-DX1-instance.tiff,DP500-COAD_READ-GDPH_P01/part5/1820665-11-HE-DX1.tiff
tissue_seg@10x/GDPH-tissue-segmentation/GDPH-tissue-segmentation/1833266-10-HE-DX1.png,DP500-COAD_READ-GDPH_P01/part5/1833266-10-HE-DX1-class.tiff,DP500-COAD_READ-GDPH_P01/part5/1833266-10-HE-DX1-instance.tiff,DP500-COAD_READ-GDPH_P01/part5/1833266-10-HE-DX1.tiff
tissue_seg@10x/GDPH-tissue-segmentation/GDPH-tissue-segmentation/1833323-R2-HE-DX1.png,DP500-COAD_READ-GDPH_P01/part5/1833323-R2-HE-DX1-class.tiff,DP500-COAD_READ-GDPH_P01/part5/1833323-R2-HE-DX1-instance.tiff,DP500-COAD_READ-GDPH_P01/part5/1833323-R2-HE-DX1.tiff
tissue_seg@10x/GDPH-tissue-segmentation/GDPH-tissue-segmentation/1833448-11-HE-DX1.png,DP500-COAD_READ-GDPH_P01/part5/1833448-11-HE-DX1-class.tiff,DP500-COAD_READ-GDPH_P01/part5/1833448-11-HE-DX1-instance.tiff,DP500-COAD_READ-GDPH_P01/part5/1833448-11-HE-DX1.tiff
tissue_seg@10x/GDPH-tissue-segmentation/GDPH-tissue-segmentation/1833556-16-HE-DX1.png,DP500-COAD_READ-GDPH_P01/part5/1833556-16-HE-DX1-class.tiff,DP500-COAD_READ-GDPH_P01/part5/1833556-16-HE-DX1-instance.tiff,DP500-COAD_READ-GDPH_P01/part5/1833556-16-HE-DX1.tiff
tissue_seg@10x/GDPH-tissue-segmentation/GDPH-tissue-segmentation/1834961-6-HE-DX1.png,DP500-COAD_READ-GDPH_P01/part5/1834961-6-HE-DX1-class.tiff,DP500-COAD_READ-GDPH_P01/part5/1834961-6-HE-DX1-instance.tiff,DP500-COAD_READ-GDPH_P01/part5/1834961-6-HE-DX1.tiff
tissue_seg@10x/GDPH-tissue-segmentation/GDPH-tissue-segmentation/1835819-11-HE-DX1.png,DP500-COAD_READ-GDPH_P01/part5/1835819-11-HE-DX1-class.tiff,DP500-COAD_READ-GDPH_P01/part5/1835819-11-HE-DX1-instance.tiff,DP500-COAD_READ-GDPH_P01/part5/1835819-11-HE-DX1.tiff
tissue_seg@10x/GDPH-tissue-segmentation/GDPH-tissue-segmentation/1836116-13-HE-DX1.png,DP500-COAD_READ-GDPH_P01/part5/1836116-13-HE-DX1-class.tiff,DP500-COAD_READ-GDPH_P01/part5/1836116-13-HE-DX1-instance.tiff,DP500-COAD_READ-GDPH_P01/part5/1836116-13-HE-DX1.tiff
tissue_seg@10x/GDPH-tissue-segmentation/GDPH-tissue-segmentation/1836286-9-HE-DX1.png,DP500-COAD_READ-GDPH_P01/part5/1836286-9-HE-DX1-class.tiff,DP500-COAD_READ-GDPH_P01/part5/1836286-9-HE-DX1-instance.tiff,DP500-COAD_READ-GDPH_P01/part5/1836286-9-HE-DX1.tiff
tissue_seg@10x/GDPH-tissue-segmentation/GDPH-tissue-segmentation/1837691-6-HE-DX1.png,DP500-COAD_READ-GDPH_P01/part5/1837691-6-HE-DX1-class.tiff,DP500-COAD_READ-GDPH_P01/part5/1837691-6-HE-DX1-instance.tiff,DP500-COAD_READ-GDPH_P01/part5/1837691-6-HE-DX1.tiff
tissue_seg@10x/GDPH-tissue-segmentation/GDPH-tissue-segmentation/1837929-5-HE-DX1.png,DP500-COAD_READ-GDPH_P01/part5/1837929-5-HE-DX1-class.tiff,DP500-COAD_READ-GDPH_P01/part5/1837929-5-HE-DX1-instance.tiff,DP500-COAD_READ-GDPH_P01/part5/1837929-5-HE-DX1.tiff
tissue_seg@10x/GDPH-tissue-segmentation/GDPH-tissue-segmentation/1838113-22-HE-DX1.png,DP500-COAD_READ-GDPH_P01/part5/1838113-22-HE-DX1-class.tiff,DP500-COAD_READ-GDPH_P01/part5/1838113-22-HE-DX1-instance.tiff,DP500-COAD_READ-GDPH_P01/part5/1838113-22-HE-DX1.tiff
tissue_seg@10x/GDPH-tissue-segmentation/GDPH-tissue-segmentation/1838126-14-HE-DX1.png,DP500-COAD_READ-GDPH_P01/part5/1838126-14-HE-DX1-class.tiff,DP500-COAD_READ-GDPH_P01/part5/1838126-14-HE-DX1-instance.tiff,DP500-COAD_READ-GDPH_P01/part5/1838126-14-HE-DX1.tiff
tissue_seg@10x/GDPH-tissue-segmentation/GDPH-tissue-segmentation/1839125-6-HE-DX1.png,DP500-COAD_READ-GDPH_P01/part5/1839125-6-HE-DX1-class.tiff,DP500-COAD_READ-GDPH_P01/part5/1839125-6-HE-DX1-instance.tiff,DP500-COAD_READ-GDPH_P01/part5/1839125-6-HE-DX1.tiff
tissue_seg@10x/GDPH-tissue-segmentation/GDPH-tissue-segmentation/1839736-14-HE-DX1.png,DP500-COAD_READ-GDPH_P01/part5/1839736-14-HE-DX1-class.tiff,DP500-COAD_READ-GDPH_P01/part5/1839736-14-HE-DX1-instance.tiff,DP500-COAD_READ-GDPH_P01/part5/1839736-14-HE-DX1.tiff
tissue_seg@10x/GDPH-tissue-segmentation/GDPH-tissue-segmentation/1839800-19-HE-DX1.png,DP500-COAD_READ-GDPH_P01/part5/1839800-19-HE-DX1-class.tiff,DP500-COAD_READ-GDPH_P01/part5/1839800-19-HE-DX1-instance.tiff,DP500-COAD_READ-GDPH_P01/part5/1839800-19-HE-DX1.tiff
tissue_seg@10x/GDPH-tissue-segmentation/GDPH-tissue-segmentation/1841527-9-HE-DX1.png,DP500-COAD_READ-GDPH_P01/part5/1841527-9-HE-DX1-class.tiff,DP500-COAD_READ-GDPH_P01/part5/1841527-9-HE-DX1-instance.tiff,DP500-COAD_READ-GDPH_P01/part5/1841527-9-HE-DX1.tiff
tissue_seg@10x/GDPH-tissue-segmentation/GDPH-tissue-segmentation/1841728-8-HE-DX1.png,DP500-COAD_READ-GDPH_P01/part5/1841728-8-HE-DX1-class.tiff,DP500-COAD_READ-GDPH_P01/part5/1841728-8-HE-DX1-instance.tiff,DP500-COAD_READ-GDPH_P01/part5/1841728-8-HE-DX1.tiff
tissue_seg@10x/GDPH-tissue-segmentation/GDPH-tissue-segmentation/1842848-9-HE-DX1.png,DP500-COAD_READ-GDPH_P01/part5/1842848-9-HE-DX1-class.tiff,DP500-COAD_READ-GDPH_P01/part5/1842848-9-HE-DX1-instance.tiff,DP500-COAD_READ-GDPH_P01/part5/1842848-9-HE-DX1.tiff
tissue_seg@10x/GDPH-tissue-segmentation/GDPH-tissue-segmentation/1843151-22-HE-DX1.png,DP500-COAD_READ-GDPH_P01/part5/1843151-22-HE-DX1-class.tiff,DP500-COAD_READ-GDPH_P01/part5/1843151-22-HE-DX1-instance.tiff,DP500-COAD_READ-GDPH_P01/part5/1843151-22-HE-DX1.tiff
tissue_seg@10x/GDPH-tissue-segmentation/GDPH-tissue-segmentation/1843553-12-HE-DX1.png,DP500-COAD_READ-GDPH_P01/part5/1843553-12-HE-DX1-class.tiff,DP500-COAD_READ-GDPH_P01/part5/1843553-12-HE-DX1-instance.tiff,DP500-COAD_READ-GDPH_P01/part5/1843553-12-HE-DX1.tiff
tissue_seg@10x/GDPH-tissue-segmentation/GDPH-tissue-segmentation/1844534-10-HE-DX1.png,DP500-COAD_READ-GDPH_P01/part5/1844534-10-HE-DX1-class.tiff,DP500-COAD_READ-GDPH_P01/part5/1844534-10-HE-DX1-instance.tiff,DP500-COAD_READ-GDPH_P01/part5/1844534-10-HE-DX1.tiff
tissue_seg@10x/GDPH-tissue-segmentation/GDPH-tissue-segmentation/1844877-10-HE-DX1.png,DP500-COAD_READ-GDPH_P01/part5/1844877-10-HE-DX1-class.tiff,DP500-COAD_READ-GDPH_P01/part5/1844877-10-HE-DX1-instance.tiff,DP500-COAD_READ-GDPH_P01/part5/1844877-10-HE-DX1.tiff
tissue_seg@10x/GDPH-tissue-segmentation/GDPH-tissue-segmentation/1847431-19-HE-DX1.png,DP500-COAD_READ-GDPH_P01/part5/1847431-19-HE-DX1-class.tiff,DP500-COAD_READ-GDPH_P01/part5/1847431-19-HE-DX1-instance.tiff,DP500-COAD_READ-GDPH_P01/part5/1847431-19-HE-DX1.tiff
tissue_seg@10x/GDPH-tissue-segmentation/GDPH-tissue-segmentation/1847634-R2-HE-DX1.png,DP500-COAD_READ-GDPH_P01/part5/1847634-R2-HE-DX1-class.tiff,DP500-COAD_READ-GDPH_P01/part5/1847634-R2-HE-DX1-instance.tiff,DP500-COAD_READ-GDPH_P01/part5/1847634-R2-HE-DX1.tiff
tissue_seg@10x/GDPH-tissue-segmentation/GDPH-tissue-segmentation/1847985-7-HE-DX1.png,DP500-COAD_READ-GDPH_P01/part5/1847985-7-HE-DX1-class.tiff,DP500-COAD_READ-GDPH_P01/part5/1847985-7-HE-DX1-instance.tiff,DP500-COAD_READ-GDPH_P01/part5/1847985-7-HE-DX1.tiff
tissue_seg@10x/GDPH-tissue-segmentation/GDPH-tissue-segmentation/1848629-6-HE-DX1.png,DP500-COAD_READ-GDPH_P01/part5/1848629-6-HE-DX1-class.tiff,DP500-COAD_READ-GDPH_P01/part5/1848629-6-HE-DX1-instance.tiff,DP500-COAD_READ-GDPH_P01/part5/1848629-6-HE-DX1.tiff
tissue_seg@10x/GDPH-tissue-segmentation/GDPH-tissue-segmentation/1848884-8-HE-DX1.png,DP500-COAD_READ-GDPH_P01/part5/1848884-8-HE-DX1-class.tiff,DP500-COAD_READ-GDPH_P01/part5/1848884-8-HE-DX1-instance.tiff,DP500-COAD_READ-GDPH_P01/part5/1848884-8-HE-DX1.tiff
tissue_seg@10x/GDPH-tissue-segmentation/GDPH-tissue-segmentation/1849381-9-HE-DX1.png,DP500-COAD_READ-GDPH_P01/part5/1849381-9-HE-DX1-class.tiff,DP500-COAD_READ-GDPH_P01/part5/1849381-9-HE-DX1-instance.tiff,DP500-COAD_READ-GDPH_P01/part5/1849381-9-HE-DX1.tiff
tissue_seg@10x/GDPH-tissue-segmentation/GDPH-tissue-segmentation/1849586-12-HE-DX1.png,DP500-COAD_READ-GDPH_P01/part5/1849586-12-HE-DX1-class.tiff,DP500-COAD_READ-GDPH_P01/part5/1849586-12-HE-DX1-instance.tiff,DP500-COAD_READ-GDPH_P01/part5/1849586-12-HE-DX1.tiff
tissue_seg@10x/GDPH-tissue-segmentation/GDPH-tissue-segmentation/1850071-6-HE-DX1.png,DP500-COAD_READ-GDPH_P01/part5/1850071-6-HE-DX1-class.tiff,DP500-COAD_READ-GDPH_P01/part5/1850071-6-HE-DX1-instance.tiff,DP500-COAD_READ-GDPH_P01/part5/1850071-6-HE-DX1.tiff
tissue_seg@10x/GDPH-tissue-segmentation/GDPH-tissue-segmentation/1850419-11-HE-DX1.png,DP500-COAD_READ-GDPH_P01/part5/1850419-11-HE-DX1-class.tiff,DP500-COAD_READ-GDPH_P01/part5/1850419-11-HE-DX1-instance.tiff,DP500-COAD_READ-GDPH_P01/part5/1850419-11-HE-DX1.tiff
tissue_seg@10x/GDPH-tissue-segmentation/GDPH-tissue-segmentation/1850690-10-HE-DX1.png,DP500-COAD_READ-GDPH_P01/part5/1850690-10-HE-DX1-class.tiff,DP500-COAD_READ-GDPH_P01/part5/1850690-10-HE-DX1-instance.tiff,DP500-COAD_READ-GDPH_P01/part5/1850690-10-HE-DX1.tiff
tissue_seg@10x/GDPH-tissue-segmentation/GDPH-tissue-segmentation/1850691-12-HE-DX1.png,DP500-COAD_READ-GDPH_P01/part5/1850691-12-HE-DX1-class.tiff,DP500-COAD_READ-GDPH_P01/part5/1850691-12-HE-DX1-instance.tiff,DP500-COAD_READ-GDPH_P01/part5/1850691-12-HE-DX1.tiff
tissue_seg@10x/GDPH-tissue-segmentation/GDPH-tissue-segmentation/1850986-8-HE-DX1.png,DP500-COAD_READ-GDPH_P01/part5/1850986-8-HE-DX1-class.tiff,DP500-COAD_READ-GDPH_P01/part5/1850986-8-HE-DX1-instance.tiff,DP500-COAD_READ-GDPH_P01/part5/1850986-8-HE-DX1.tiff
tissue_seg@10x/GDPH-tissue-segmentation/GDPH-tissue-segmentation/1852564-13-HE-DX1.png,DP500-COAD_READ-GDPH_P01/part5/1852564-13-HE-DX1-class.tiff,DP500-COAD_READ-GDPH_P01/part5/1852564-13-HE-DX1-instance.tiff,DP500-COAD_READ-GDPH_P01/part5/1852564-13-HE-DX1.tiff
tissue_seg@10x/GDPH-tissue-segmentation/GDPH-tissue-segmentation/1853108-21-HE-DX1.png,DP500-COAD_READ-GDPH_P01/part5/1853108-21-HE-DX1-class.tiff,DP500-COAD_READ-GDPH_P01/part5/1853108-21-HE-DX1-instance.tiff,DP500-COAD_READ-GDPH_P01/part5/1853108-21-HE-DX1.tiff
tissue_seg@10x/GDPH-tissue-segmentation/GDPH-tissue-segmentation/1855691-8-HE-DX1.png,DP500-COAD_READ-GDPH_P01/part5/1855691-8-HE-DX1-class.tiff,DP500-COAD_READ-GDPH_P01/part5/1855691-8-HE-DX1-instance.tiff,DP500-COAD_READ-GDPH_P01/part5/1855691-8-HE-DX1.tiff
tissue_seg@10x/GDPH-tissue-segmentation/GDPH-tissue-segmentation/1856006-8-HE-DX1.png,DP500-COAD_READ-GDPH_P01/part5/1856006-8-HE-DX1-class.tiff,DP500-COAD_READ-GDPH_P01/part5/1856006-8-HE-DX1-instance.tiff,DP500-COAD_READ-GDPH_P01/part5/1856006-8-HE-DX1.tiff
tissue_seg@10x/GDPH-tissue-segmentation/GDPH-tissue-segmentation/1856027-6-HE-DX1.png,DP500-COAD_READ-GDPH_P01/part5/1856027-6-HE-DX1-class.tiff,DP500-COAD_READ-GDPH_P01/part5/1856027-6-HE-DX1-instance.tiff,DP500-COAD_READ-GDPH_P01/part5/1856027-6-HE-DX1.tiff
tissue_seg@10x/GDPH-tissue-segmentation/GDPH-tissue-segmentation/1856034-5-HE-DX1.png,DP500-COAD_READ-GDPH_P01/part5/1856034-5-HE-DX1-class.tiff,DP500-COAD_READ-GDPH_P01/part5/1856034-5-HE-DX1-instance.tiff,DP500-COAD_READ-GDPH_P01/part5/1856034-5-HE-DX1.tiff
tissue_seg@10x/GDPH-tissue-segmentation/GDPH-tissue-segmentation/1856421-7-HE-DX1.png,DP500-COAD_READ-GDPH_P01/part5/1856421-7-HE-DX1-class.tiff,DP500-COAD_READ-GDPH_P01/part5/1856421-7-HE-DX1-instance.tiff,DP500-COAD_READ-GDPH_P01/part5/1856421-7-HE-DX1.tiff
tissue_seg@10x/GDPH-tissue-segmentation/GDPH-tissue-segmentation/1857005-5-HE-DX1.png,DP500-COAD_READ-GDPH_P01/part5/1857005-5-HE-DX1-class.tiff,DP500-COAD_READ-GDPH_P01/part5/1857005-5-HE-DX1-instance.tiff,DP500-COAD_READ-GDPH_P01/part5/1857005-5-HE-DX1.tiff
tissue_seg@10x/GDPH-tissue-segmentation/GDPH-tissue-segmentation/1857686-19-HE-DX1.png,DP500-COAD_READ-GDPH_P01/part5/1857686-19-HE-DX1-class.tiff,DP500-COAD_READ-GDPH_P01/part5/1857686-19-HE-DX1-instance.tiff,DP500-COAD_READ-GDPH_P01/part5/1857686-19-HE-DX1.tiff
tissue_seg@10x/GDPH-tissue-segmentation/GDPH-tissue-segmentation/1857755-5-HE-DX1.png,DP500-COAD_READ-GDPH_P01/part5/1857755-5-HE-DX1-class.tiff,DP500-COAD_READ-GDPH_P01/part5/1857755-5-HE-DX1-instance.tiff,DP500-COAD_READ-GDPH_P01/part5/1857755-5-HE-DX1.tiff
tissue_seg@10x/GDPH-tissue-segmentation/GDPH-tissue-segmentation/1858014-11-HE-DX1.png,DP500-COAD_READ-GDPH_P01/part5/1858014-11-HE-DX1-class.tiff,DP500-COAD_READ-GDPH_P01/part5/1858014-11-HE-DX1-instance.tiff,DP500-COAD_READ-GDPH_P01/part5/1858014-11-HE-DX1.tiff
tissue_seg@10x/GDPH-tissue-segmentation/GDPH-tissue-segmentation/1858136-9-HE-DX1.png,DP500-COAD_READ-GDPH_P01/part5/1858136-9-HE-DX1-class.tiff,DP500-COAD_READ-GDPH_P01/part5/1858136-9-HE-DX1-instance.tiff,DP500-COAD_READ-GDPH_P01/part5/1858136-9-HE-DX1.tiff
tissue_seg@10x/GDPH-tissue-segmentation/GDPH-tissue-segmentation/1858727-9-HE-DX1.png,DP500-COAD_READ-GDPH_P01/part5/1858727-9-HE-DX1-class.tiff,DP500-COAD_READ-GDPH_P01/part5/1858727-9-HE-DX1-instance.tiff,DP500-COAD_READ-GDPH_P01/part5/1858727-9-HE-DX1.tiff
tissue_seg@10x/GDPH-tissue-segmentation/GDPH-tissue-segmentation/1859406-7-HE-DX1.png,DP500-COAD_READ-GDPH_P01/part5/1859406-7-HE-DX1-class.tiff,DP500-COAD_READ-GDPH_P01/part5/1859406-7-HE-DX1-instance.tiff,DP500-COAD_READ-GDPH_P01/part5/1859406-7-HE-DX1.tiff
tissue_seg@10x/GDPH-tissue-segmentation/GDPH-tissue-segmentation/1859465-7-HE-DX1.png,DP500-COAD_READ-GDPH_P01/part5/1859465-7-HE-DX1-class.tiff,DP500-COAD_READ-GDPH_P01/part5/1859465-7-HE-DX1-instance.tiff,DP500-COAD_READ-GDPH_P01/part5/1859465-7-HE-DX1.tiff
tissue_seg@10x/GDPH-tissue-segmentation/GDPH-tissue-segmentation/1859759-11-HE-DX1.png,DP500-COAD_READ-GDPH_P01/part5/1859759-11-HE-DX1-class.tiff,DP500-COAD_READ-GDPH_P01/part5/1859759-11-HE-DX1-instance.tiff,DP500-COAD_READ-GDPH_P01/part5/1859759-11-HE-DX1.tiff
tissue_seg@10x/GDPH-tissue-segmentation/GDPH-tissue-segmentation/1860608-10-HE-DX1.png,DP500-COAD_READ-GDPH_P01/part5/1860608-10-HE-DX1-class.tiff,DP500-COAD_READ-GDPH_P01/part5/1860608-10-HE-DX1-instance.tiff,DP500-COAD_READ-GDPH_P01/part5/1860608-10-HE-DX1.tiff
tissue_seg@10x/GDPH-tissue-segmentation/GDPH-tissue-segmentation/1861164-16-HE-DX1.png,DP500-COAD_READ-GDPH_P01/part5/1861164-16-HE-DX1-class.tiff,DP500-COAD_READ-GDPH_P01/part5/1861164-16-HE-DX1-instance.tiff,DP500-COAD_READ-GDPH_P01/part5/1861164-16-HE-DX1.tiff
tissue_seg@10x/GDPH-tissue-segmentation/GDPH-tissue-segmentation/1861434-11-HE-DX1.png,DP500-COAD_READ-GDPH_P01/part5/1861434-11-HE-DX1-class.tiff,DP500-COAD_READ-GDPH_P01/part5/1861434-11-HE-DX1-instance.tiff,DP500-COAD_READ-GDPH_P01/part5/1861434-11-HE-DX1.tiff
tissue_seg@10x/GDPH-tissue-segmentation/GDPH-tissue-segmentation/1861740-14-HE-DX1.png,DP500-COAD_READ-GDPH_P01/part5/1861740-14-HE-DX1-class.tiff,DP500-COAD_READ-GDPH_P01/part5/1861740-14-HE-DX1-instance.tiff,DP500-COAD_READ-GDPH_P01/part5/1861740-14-HE-DX1.tiff
tissue_seg@10x/GDPH-tissue-segmentation/GDPH-tissue-segmentation/1862212-5-HE-DX1.png,DP500-COAD_READ-GDPH_P01/part5/1862212-5-HE-DX1-class.tiff,DP500-COAD_READ-GDPH_P01/part5/1862212-5-HE-DX1-instance.tiff,DP500-COAD_READ-GDPH_P01/part5/1862212-5-HE-DX1.tiff
tissue_seg@10x/GDPH-tissue-segmentation/GDPH-tissue-segmentation/1862804-12-HE-DX1.png,DP500-COAD_READ-GDPH_P01/part5/1862804-12-HE-DX1-class.tiff,DP500-COAD_READ-GDPH_P01/part5/1862804-12-HE-DX1-instance.tiff,DP500-COAD_READ-GDPH_P01/part5/1862804-12-HE-DX1.tiff
tissue_seg@10x/GDPH-tissue-segmentation/GDPH-tissue-segmentation/1863098-8-HE-DX1.png,DP500-COAD_READ-GDPH_P01/part5/1863098-8-HE-DX1-class.tiff,DP500-COAD_READ-GDPH_P01/part5/1863098-8-HE-DX1-instance.tiff,DP500-COAD_READ-GDPH_P01/part5/1863098-8-HE-DX1.tiff
tissue_seg@10x/GDPH-tissue-segmentation/GDPH-tissue-segmentation/1864220-10-HE-DX1.png,DP500-COAD_READ-GDPH_P01/part5/1864220-10-HE-DX1-class.tiff,DP500-COAD_READ-GDPH_P01/part5/1864220-10-HE-DX1-instance.tiff,DP500-COAD_READ-GDPH_P01/part5/1864220-10-HE-DX1.tiff
tissue_seg@10x/GDPH-tissue-segmentation/GDPH-tissue-segmentation/1864570-10-HE-DX1.png,DP500-COAD_READ-GDPH_P01/part5/1864570-10-HE-DX1-class.tiff,DP500-COAD_READ-GDPH_P01/part5/1864570-10-HE-DX1-instance.tiff,DP500-COAD_READ-GDPH_P01/part5/1864570-10-HE-DX1.tiff
tissue_seg@10x/GDPH-tissue-segmentation/GDPH-tissue-segmentation/1865169-25-HE-DX1.png,DP500-COAD_READ-GDPH_P01/part5/1865169-25-HE-DX1-class.tiff,DP500-COAD_READ-GDPH_P01/part5/1865169-25-HE-DX1-instance.tiff,DP500-COAD_READ-GDPH_P01/part5/1865169-25-HE-DX1.tiff
tissue_seg@10x/GDPH-tissue-segmentation/GDPH-tissue-segmentation/1865278-17-HE-DX1.png,DP500-COAD_READ-GDPH_P01/part5/1865278-17-HE-DX1-class.tiff,DP500-COAD_READ-GDPH_P01/part5/1865278-17-HE-DX1-instance.tiff,DP500-COAD_READ-GDPH_P01/part5/1865278-17-HE-DX1.tiff
tissue_seg@10x/GDPH-tissue-segmentation/GDPH-tissue-segmentation/1865466-13-HE-DX1.png,DP500-COAD_READ-GDPH_P01/part5/1865466-13-HE-DX1-class.tiff,DP500-COAD_READ-GDPH_P01/part5/1865466-13-HE-DX1-instance.tiff,DP500-COAD_READ-GDPH_P01/part5/1865466-13-HE-DX1.tiff
tissue_seg@10x/GDPH-tissue-segmentation/GDPH-tissue-segmentation/1865553-8-HE-DX1.png,DP500-COAD_READ-GDPH_P01/part5/1865553-8-HE-DX1-class.tiff,DP500-COAD_READ-GDPH_P01/part5/1865553-8-HE-DX1-instance.tiff,DP500-COAD_READ-GDPH_P01/part5/1865553-8-HE-DX1.tiff
tissue_seg@10x/GDPH-tissue-segmentation/GDPH-tissue-segmentation/1866202-9-HE-DX1.png,DP500-COAD_READ-GDPH_P01/part5/1866202-9-HE-DX1-class.tiff,DP500-COAD_READ-GDPH_P01/part5/1866202-9-HE-DX1-instance.tiff,DP500-COAD_READ-GDPH_P01/part5/1866202-9-HE-DX1.tiff
tissue_seg@10x/GDPH-tissue-segmentation/GDPH-tissue-segmentation/1866230-11-HE-DX1.png,DP500-COAD_READ-GDPH_P01/part5/1866230-11-HE-DX1-class.tiff,DP500-COAD_READ-GDPH_P01/part5/1866230-11-HE-DX1-instance.tiff,DP500-COAD_READ-GDPH_P01/part5/1866230-11-HE-DX1.tiff
tissue_seg@10x/GDPH-tissue-segmentation/GDPH-tissue-segmentation/1867852-17-HE-DX1.png,DP500-COAD_READ-GDPH_P01/part5/1867852-17-HE-DX1-class.tiff,DP500-COAD_READ-GDPH_P01/part5/1867852-17-HE-DX1-instance.tiff,DP500-COAD_READ-GDPH_P01/part5/1867852-17-HE-DX1.tiff
tissue_seg@10x/GDPH-tissue-segmentation/GDPH-tissue-segmentation/1867910-7-HE-DX1.png,DP500-COAD_READ-GDPH_P01/part5/1867910-7-HE-DX1-class.tiff,DP500-COAD_READ-GDPH_P01/part5/1867910-7-HE-DX1-instance.tiff,DP500-COAD_READ-GDPH_P01/part5/1867910-7-HE-DX1.tiff
tissue_seg@10x/GDPH-tissue-segmentation/GDPH-tissue-segmentation/1867950-8-HE-DX1.png,DP500-COAD_READ-GDPH_P01/part5/1867950-8-HE-DX1-class.tiff,DP500-COAD_READ-GDPH_P01/part5/1867950-8-HE-DX1-instance.tiff,DP500-COAD_READ-GDPH_P01/part5/1867950-8-HE-DX1.tiff
tissue_seg@10x/GDPH-tissue-segmentation/GDPH-tissue-segmentation/1868855-8-HE-DX1.png,DP500-COAD_READ-GDPH_P01/part5/1868855-8-HE-DX1-class.tiff,DP500-COAD_READ-GDPH_P01/part5/1868855-8-HE-DX1-instance.tiff,DP500-COAD_READ-GDPH_P01/part5/1868855-8-HE-DX1.tiff
tissue_seg@10x/GDPH-tissue-segmentation/GDPH-tissue-segmentation/1869808-7-HE-DX1.png,DP500-COAD_READ-GDPH_P01/part5/1869808-7-HE-DX1-class.tiff,DP500-COAD_READ-GDPH_P01/part5/1869808-7-HE-DX1-instance.tiff,DP500-COAD_READ-GDPH_P01/part5/1869808-7-HE-DX1.tiff
tissue_seg@10x/GDPH-tissue-segmentation/GDPH-tissue-segmentation/1870978-6-HE-DX1.png,DP500-COAD_READ-GDPH_P01/part5/1870978-6-HE-DX1-class.tiff,DP500-COAD_READ-GDPH_P01/part5/1870978-6-HE-DX1-instance.tiff,DP500-COAD_READ-GDPH_P01/part5/1870978-6-HE-DX1.tiff
tissue_seg@10x/GDPH-tissue-segmentation/GDPH-tissue-segmentation/1870987-10-HE-DX1.png,DP500-COAD_READ-GDPH_P01/part5/1870987-10-HE-DX1-class.tiff,DP500-COAD_READ-GDPH_P01/part5/1870987-10-HE-DX1-instance.tiff,DP500-COAD_READ-GDPH_P01/part5/1870987-10-HE-DX1.tiff
tissue_seg@10x/GDPH-tissue-segmentation/GDPH-tissue-segmentation/1871036-7-HE-DX1.png,DP500-COAD_READ-GDPH_P01/part5/1871036-7-HE-DX1-class.tiff,DP500-COAD_READ-GDPH_P01/part5/1871036-7-HE-DX1-instance.tiff,DP500-COAD_READ-GDPH_P01/part5/1871036-7-HE-DX1.tiff
tissue_seg@10x/GDPH-tissue-segmentation/GDPH-tissue-segmentation/1871649-R1-HE-DX1.png,DP500-COAD_READ-GDPH_P01/part5/1871649-R1-HE-DX1-class.tiff,DP500-COAD_READ-GDPH_P01/part5/1871649-R1-HE-DX1-instance.tiff,DP500-COAD_READ-GDPH_P01/part5/1871649-R1-HE-DX1.tiff
tissue_seg@10x/GDPH-tissue-segmentation/GDPH-tissue-segmentation/1871917-11-HE-DX1.png,DP500-COAD_READ-GDPH_P01/part5/1871917-11-HE-DX1-class.tiff,DP500-COAD_READ-GDPH_P01/part5/1871917-11-HE-DX1-instance.tiff,DP500-COAD_READ-GDPH_P01/part5/1871917-11-HE-DX1.tiff
tissue_seg@10x/GDPH-tissue-segmentation/GDPH-tissue-segmentation/1873485-19-HE-DX1.png,DP500-COAD_READ-GDPH_P01/part5/1873485-19-HE-DX1-class.tiff,DP500-COAD_READ-GDPH_P01/part5/1873485-19-HE-DX1-instance.tiff,DP500-COAD_READ-GDPH_P01/part5/1873485-19-HE-DX1.tiff
tissue_seg@10x/GDPH-tissue-segmentation/GDPH-tissue-segmentation/1900272-15-HE-DX1.png,DP500-COAD_READ-GDPH_P01/part5/1900272-15-HE-DX1-class.tiff,DP500-COAD_READ-GDPH_P01/part5/1900272-15-HE-DX1-instance.tiff,DP500-COAD_READ-GDPH_P01/part5/1900272-15-HE-DX1.tiff
tissue_seg@10x/GDPH-tissue-segmentation/GDPH-tissue-segmentation/1900920-25-HE-DX1.png,DP500-COAD_READ-GDPH_P01/part5/1900920-25-HE-DX1-class.tiff,DP500-COAD_READ-GDPH_P01/part5/1900920-25-HE-DX1-instance.tiff,DP500-COAD_READ-GDPH_P01/part5/1900920-25-HE-DX1.tiff
tissue_seg@10x/GDPH-tissue-segmentation/GDPH-tissue-segmentation/1900941-15-HE-DX1.png,DP500-COAD_READ-GDPH_P01/part5/1900941-15-HE-DX1-class.tiff,DP500-COAD_READ-GDPH_P01/part5/1900941-15-HE-DX1-instance.tiff,DP500-COAD_READ-GDPH_P01/part5/1900941-15-HE-DX1.tiff
tissue_seg@10x/GDPH-tissue-segmentation/GDPH-tissue-segmentation/1902897-15-HE-DX1.png,DP500-COAD_READ-GDPH_P01/part5/1902897-15-HE-DX1-class.tiff,DP500-COAD_READ-GDPH_P01/part5/1902897-15-HE-DX1-instance.tiff,DP500-COAD_READ-GDPH_P01/part5/1902897-15-HE-DX1.tiff
tissue_seg@10x/GDPH-tissue-segmentation/GDPH-tissue-segmentation/1903466-5-HE-DX1.png,DP500-COAD_READ-GDPH_P01/part5/1903466-5-HE-DX1-class.tiff,DP500-COAD_READ-GDPH_P01/part5/1903466-5-HE-DX1-instance.tiff,DP500-COAD_READ-GDPH_P01/part5/1903466-5-HE-DX1.tiff
tissue_seg@10x/GDPH-tissue-segmentation/GDPH-tissue-segmentation/1904139-8-HE-DX1.png,DP500-COAD_READ-GDPH_P01/part5/1904139-8-HE-DX1-class.tiff,DP500-COAD_READ-GDPH_P01/part5/1904139-8-HE-DX1-instance.tiff,DP500-COAD_READ-GDPH_P01/part5/1904139-8-HE-DX1.tiff
tissue_seg@10x/GDPH-tissue-segmentation/GDPH-tissue-segmentation/1904499-20-HE-DX1.png,DP500-COAD_READ-GDPH_P01/part5/1904499-20-HE-DX1-class.tiff,DP500-COAD_READ-GDPH_P01/part5/1904499-20-HE-DX1-instance.tiff,DP500-COAD_READ-GDPH_P01/part5/1904499-20-HE-DX1.tiff
tissue_seg@10x/GDPH-tissue-segmentation/GDPH-tissue-segmentation/1904813-9-HE-DX1.png,DP500-COAD_READ-GDPH_P01/part5/1904813-9-HE-DX1-class.tiff,DP500-COAD_READ-GDPH_P01/part5/1904813-9-HE-DX1-instance.tiff,DP500-COAD_READ-GDPH_P01/part5/1904813-9-HE-DX1.tiff
tissue_seg@10x/GDPH-tissue-segmentation/GDPH-tissue-segmentation/1907487-5-HE-DX1.png,DP500-COAD_READ-GDPH_P01/part5/1907487-5-HE-DX1-class.tiff,DP500-COAD_READ-GDPH_P01/part5/1907487-5-HE-DX1-instance.tiff,DP500-COAD_READ-GDPH_P01/part5/1907487-5-HE-DX1.tiff
tissue_seg@10x/GDPH-tissue-segmentation/GDPH-tissue-segmentation/1908683-3-HE-DX1.png,DP500-COAD_READ-GDPH_P01/part5/1908683-3-HE-DX1-class.tiff,DP500-COAD_READ-GDPH_P01/part5/1908683-3-HE-DX1-instance.tiff,DP500-COAD_READ-GDPH_P01/part5/1908683-3-HE-DX1.tiff
tissue_seg@10x/GDPH-tissue-segmentation/GDPH-tissue-segmentation/1908772-14-HE-DX1.png,DP500-COAD_READ-GDPH_P01/part5/1908772-14-HE-DX1-class.tiff,DP500-COAD_READ-GDPH_P01/part5/1908772-14-HE-DX1-instance.tiff,DP500-COAD_READ-GDPH_P01/part5/1908772-14-HE-DX1.tiff
tissue_seg@10x/GDPH-tissue-segmentation/GDPH-tissue-segmentation/1910580-10-HE-DX1.png,DP500-COAD_READ-GDPH_P01/part5/1910580-10-HE-DX1-class.tiff,DP500-COAD_READ-GDPH_P01/part5/1910580-10-HE-DX1-instance.tiff,DP500-COAD_READ-GDPH_P01/part5/1910580-10-HE-DX1.tiff
tissue_seg@10x/GDPH-tissue-segmentation/GDPH-tissue-segmentation/1910951-12-HE-DX1.png,DP500-COAD_READ-GDPH_P01/part5/1910951-12-HE-DX1-class.tiff,DP500-COAD_READ-GDPH_P01/part5/1910951-12-HE-DX1-instance.tiff,DP500-COAD_READ-GDPH_P01/part5/1910951-12-HE-DX1.tiff
tissue_seg@10x/GDPH-tissue-segmentation/GDPH-tissue-segmentation/1911855-6-HE-DX1.png,DP500-COAD_READ-GDPH_P01/part5/1911855-6-HE-DX1-class.tiff,DP500-COAD_READ-GDPH_P01/part5/1911855-6-HE-DX1-instance.tiff,DP500-COAD_READ-GDPH_P01/part5/1911855-6-HE-DX1.tiff
tissue_seg@10x/GDPH-tissue-segmentation/GDPH-tissue-segmentation/1911860-11-HE-DX1.png,DP500-COAD_READ-GDPH_P01/part5/1911860-11-HE-DX1-class.tiff,DP500-COAD_READ-GDPH_P01/part5/1911860-11-HE-DX1-instance.tiff,DP500-COAD_READ-GDPH_P01/part5/1911860-11-HE-DX1.tiff
tissue_seg@10x/GDPH-tissue-segmentation/GDPH-tissue-segmentation/1912155-18-HE-DX1.png,DP500-COAD_READ-GDPH_P01/part5/1912155-18-HE-DX1-class.tiff,DP500-COAD_READ-GDPH_P01/part5/1912155-18-HE-DX1-instance.tiff,DP500-COAD_READ-GDPH_P01/part5/1912155-18-HE-DX1.tiff
tissue_seg@10x/GDPH-tissue-segmentation/GDPH-tissue-segmentation/1912549-14-HE-DX1.png,DP500-COAD_READ-GDPH_P01/part5/1912549-14-HE-DX1-class.tiff,DP500-COAD_READ-GDPH_P01/part5/1912549-14-HE-DX1-instance.tiff,DP500-COAD_READ-GDPH_P01/part5/1912549-14-HE-DX1.tiff
tissue_seg@10x/GDPH-tissue-segmentation/GDPH-tissue-segmentation/1913448-5-HE-DX1.png,DP500-COAD_READ-GDPH_P01/part5/1913448-5-HE-DX1-class.tiff,DP500-COAD_READ-GDPH_P01/part5/1913448-5-HE-DX1-instance.tiff,DP500-COAD_READ-GDPH_P01/part5/1913448-5-HE-DX1.tiff
tissue_seg@10x/GDPH-tissue-segmentation/GDPH-tissue-segmentation/1913498-11-HE-DX1.png,DP500-COAD_READ-GDPH_P01/part5/1913498-11-HE-DX1-class.tiff,DP500-COAD_READ-GDPH_P01/part5/1913498-11-HE-DX1-instance.tiff,DP500-COAD_READ-GDPH_P01/part5/1913498-11-HE-DX1.tiff
tissue_seg@10x/GDPH-tissue-segmentation/GDPH-tissue-segmentation/1913502-13-HE-DX1.png,DP500-COAD_READ-GDPH_P01/part5/1913502-13-HE-DX1-class.tiff,DP500-COAD_READ-GDPH_P01/part5/1913502-13-HE-DX1-instance.tiff,DP500-COAD_READ-GDPH_P01/part5/1913502-13-HE-DX1.tiff
tissue_seg@10x/GDPH-tissue-segmentation/GDPH-tissue-segmentation/1913706-11-HE-DX1.png,DP500-COAD_READ-GDPH_P01/part5/1913706-11-HE-DX1-class.tiff,DP500-COAD_READ-GDPH_P01/part5/1913706-11-HE-DX1-instance.tiff,DP500-COAD_READ-GDPH_P01/part5/1913706-11-HE-DX1.tiff
tissue_seg@10x/GDPH-tissue-segmentation/GDPH-tissue-segmentation/1913861-11-HE-DX1.png,DP500-COAD_READ-GDPH_P01/part5/1913861-11-HE-DX1-class.tiff,DP500-COAD_READ-GDPH_P01/part5/1913861-11-HE-DX1-instance.tiff,DP500-COAD_READ-GDPH_P01/part5/1913861-11-HE-DX1.tiff
tissue_seg@10x/GDPH-tissue-segmentation/GDPH-tissue-segmentation/1914828-9-HE-DX1.png,DP500-COAD_READ-GDPH_P01/part5/1914828-9-HE-DX1-class.tiff,DP500-COAD_READ-GDPH_P01/part5/1914828-9-HE-DX1-instance.tiff,DP500-COAD_READ-GDPH_P01/part5/1914828-9-HE-DX1.tiff
tissue_seg@10x/GDPH-tissue-segmentation/GDPH-tissue-segmentation/1915411-12-HE-DX1.png,DP500-COAD_READ-GDPH_P01/part5/1915411-12-HE-DX1-class.tiff,DP500-COAD_READ-GDPH_P01/part5/1915411-12-HE-DX1-instance.tiff,DP500-COAD_READ-GDPH_P01/part5/1915411-12-HE-DX1.tiff
tissue_seg@10x/GDPH-tissue-segmentation/GDPH-tissue-segmentation/1916719-14-HE-DX1.png,DP500-COAD_READ-GDPH_P01/part5/1916719-14-HE-DX1-class.tiff,DP500-COAD_READ-GDPH_P01/part5/1916719-14-HE-DX1-instance.tiff,DP500-COAD_READ-GDPH_P01/part5/1916719-14-HE-DX1.tiff
tissue_seg@10x/GDPH-tissue-segmentation/GDPH-tissue-segmentation/1920388-12-HE-DX1.png,DP500-COAD_READ-GDPH_P01/part5/1920388-12-HE-DX1-class.tiff,DP500-COAD_READ-GDPH_P01/part5/1920388-12-HE-DX1-instance.tiff,DP500-COAD_READ-GDPH_P01/part5/1920388-12-HE-DX1.tiff
tissue_seg@10x/GDPH-tissue-segmentation/GDPH-tissue-segmentation/1922799-8-HE-DX1.png,DP500-COAD_READ-GDPH_P01/part5/1922799-8-HE-DX1-class.tiff,DP500-COAD_READ-GDPH_P01/part5/1922799-8-HE-DX1-instance.tiff,DP500-COAD_READ-GDPH_P01/part5/1922799-8-HE-DX1.tiff
tissue_seg@10x/GDPH-tissue-segmentation/GDPH-tissue-segmentation/1923019-10-HE-DX1.png,DP500-COAD_READ-GDPH_P01/part5/1923019-10-HE-DX1-class.tiff,DP500-COAD_READ-GDPH_P01/part5/1923019-10-HE-DX1-instance.tiff,DP500-COAD_READ-GDPH_P01/part5/1923019-10-HE-DX1.tiff
tissue_seg@10x/GDPH-tissue-segmentation/GDPH-tissue-segmentation/1923135-10-HE-DX1.png,DP500-COAD_READ-GDPH_P01/part5/1923135-10-HE-DX1-class.tiff,DP500-COAD_READ-GDPH_P01/part5/1923135-10-HE-DX1-instance.tiff,DP500-COAD_READ-GDPH_P01/part5/1923135-10-HE-DX1.tiff
tissue_seg@10x/GDPH-tissue-segmentation/GDPH-tissue-segmentation/1923138-19-HE-DX1.png,DP500-COAD_READ-GDPH_P01/part5/1923138-19-HE-DX1-class.tiff,DP500-COAD_READ-GDPH_P01/part5/1923138-19-HE-DX1-instance.tiff,DP500-COAD_READ-GDPH_P01/part5/1923138-19-HE-DX1.tiff
tissue_seg@10x/GDPH-tissue-segmentation/GDPH-tissue-segmentation/1923226-15-HE-DX1.png,DP500-COAD_READ-GDPH_P01/part5/1923226-15-HE-DX1-class.tiff,DP500-COAD_READ-GDPH_P01/part5/1923226-15-HE-DX1-instance.tiff,DP500-COAD_READ-GDPH_P01/part5/1923226-15-HE-DX1.tiff
tissue_seg@10x/GDPH-tissue-segmentation/GDPH-tissue-segmentation/1923571-23-HE-DX1.png,DP500-COAD_READ-GDPH_P01/part5/1923571-23-HE-DX1-class.tiff,DP500-COAD_READ-GDPH_P01/part5/1923571-23-HE-DX1-instance.tiff,DP500-COAD_READ-GDPH_P01/part5/1923571-23-HE-DX1.tiff
tissue_seg@10x/GDPH-tissue-segmentation/GDPH-tissue-segmentation/1941527-9-HE-DX1.png,DP500-COAD_READ-GDPH_P01/part5/1941527-9-HE-DX1-class.tiff,DP500-COAD_READ-GDPH_P01/part5/1941527-9-HE-DX1-instance.tiff,DP500-COAD_READ-GDPH_P01/part5/1941527-9-HE-DX1.tiff
tissue_seg@10x/GDPH-tissue-segmentation/GDPH-tissue-segmentation/1941728-8-HE-DX1.png,DP500-COAD_READ-GDPH_P01/part5/1941728-8-HE-DX1-class.tiff,DP500-COAD_READ-GDPH_P01/part5/1941728-8-HE-DX1-instance.tiff,DP500-COAD_READ-GDPH_P01/part5/1941728-8-HE-DX1.tiff
tissue_seg@10x/GDPH-tissue-segmentation/GDPH-tissue-segmentation/1955926-13-HE-DX1.png,DP500-COAD_READ-GDPH_P01/part5/1955926-13-HE-DX1-class.tiff,DP500-COAD_READ-GDPH_P01/part5/1955926-13-HE-DX1-instance.tiff,DP500-COAD_READ-GDPH_P01/part5/1955926-13-HE-DX1.tiff
tissue_seg@10x/GDPH-tissue-segmentation/GDPH-tissue-segmentation/1956120-12-HE-DX1.png,DP500-COAD_READ-GDPH_P01/part5/1956120-12-HE-DX1-class.tiff,DP500-COAD_READ-GDPH_P01/part5/1956120-12-HE-DX1-instance.tiff,DP500-COAD_READ-GDPH_P01/part5/1956120-12-HE-DX1.tiff
tissue_seg@10x/GDPH-tissue-segmentation/GDPH-tissue-segmentation/1956412-8-HE-DX1.png,DP500-COAD_READ-GDPH_P01/part5/1956412-8-HE-DX1-class.tiff,DP500-COAD_READ-GDPH_P01/part5/1956412-8-HE-DX1-instance.tiff,DP500-COAD_READ-GDPH_P01/part5/1956412-8-HE-DX1.tiff
tissue_seg@10x/GDPH-tissue-segmentation/GDPH-tissue-segmentation/1957059-11-HE-DX1.png,DP500-COAD_READ-GDPH_P01/part5/1957059-11-HE-DX1-class.tiff,DP500-COAD_READ-GDPH_P01/part5/1957059-11-HE-DX1-instance.tiff,DP500-COAD_READ-GDPH_P01/part5/1957059-11-HE-DX1.tiff
tissue_seg@10x/GDPH-tissue-segmentation/GDPH-tissue-segmentation/1965471-R1-HE-DX1.png,DP500-COAD_READ-GDPH_P01/part5/1965471-R1-HE-DX1-class.tiff,DP500-COAD_READ-GDPH_P01/part5/1965471-R1-HE-DX1-instance.tiff,DP500-COAD_READ-GDPH_P01/part5/1965471-R1-HE-DX1.tiff
tissue_seg@10x/GDPH-tissue-segmentation/GDPH-tissue-segmentation/389502-15-HE-DX1.png,DP500-COAD_READ-GDPH_P01/part1/389502-15-HE-DX1-class.tiff,DP500-COAD_READ-GDPH_P01/part1/389502-15-HE-DX1-instance.tiff,DP500-COAD_READ-GDPH_P01/part1/389502-15-HE-DX1.tiff
tissue_seg@10x/GDPH-tissue-segmentation/GDPH-tissue-segmentation/390494-8-HE-DX1.png,DP500-COAD_READ-GDPH_P01/part1/390494-8-HE-DX1-class.tiff,DP500-COAD_READ-GDPH_P01/part1/390494-8-HE-DX1-instance.tiff,DP500-COAD_READ-GDPH_P01/part1/390494-8-HE-DX1.tiff
tissue_seg@10x/GDPH-tissue-segmentation/GDPH-tissue-segmentation/392927-10-HE-DX1-S01.png,DP500-COAD_READ-GDPH_P01/part1/392927-10-HE-DX1-S01-class.tiff,DP500-COAD_READ-GDPH_P01/part1/392927-10-HE-DX1-S01-instance.tiff,DP500-COAD_READ-GDPH_P01/part1/392927-10-HE-DX1-S01.tiff
tissue_seg@10x/GDPH-tissue-segmentation/GDPH-tissue-segmentation/392927-10-HE-DX1-S02.png,DP500-COAD_READ-GDPH_P01/part1/392927-10-HE-DX1-S02-class.tiff,DP500-COAD_READ-GDPH_P01/part1/392927-10-HE-DX1-S02-instance.tiff,DP500-COAD_READ-GDPH_P01/part1/392927-10-HE-DX1-S02.tiff
tissue_seg@10x/GDPH-tissue-segmentation/GDPH-tissue-segmentation/393270-12-HE-DX1-S01.png,DP500-COAD_READ-GDPH_P01/part1/393270-12-HE-DX1-S01-class.tiff,DP500-COAD_READ-GDPH_P01/part1/393270-12-HE-DX1-S01-instance.tiff,DP500-COAD_READ-GDPH_P01/part1/393270-12-HE-DX1-S01.tiff
tissue_seg@10x/GDPH-tissue-segmentation/GDPH-tissue-segmentation/393270-12-HE-DX1-S02.png,DP500-COAD_READ-GDPH_P01/part1/393270-12-HE-DX1-S02-class.tiff,DP500-COAD_READ-GDPH_P01/part1/393270-12-HE-DX1-S02-instance.tiff,DP500-COAD_READ-GDPH_P01/part1/393270-12-HE-DX1-S02.tiff
tissue_seg@10x/GDPH-tissue-segmentation/GDPH-tissue-segmentation/393663-6-HE-DX1.png,DP500-COAD_READ-GDPH_P01/part1/393663-6-HE-DX1-class.tiff,DP500-COAD_READ-GDPH_P01/part1/393663-6-HE-DX1-instance.tiff,DP500-COAD_READ-GDPH_P01/part1/393663-6-HE-DX1.tiff
tissue_seg@10x/GDPH-tissue-segmentation/GDPH-tissue-segmentation/393905-3-HE-DX1-S02.png,DP500-COAD_READ-GDPH_P01/part1/393905-3-HE-DX1-S02-class.tiff,DP500-COAD_READ-GDPH_P01/part1/393905-3-HE-DX1-S02-instance.tiff,DP500-COAD_READ-GDPH_P01/part1/393905-3-HE-DX1-S02.tiff
tissue_seg@10x/GDPH-tissue-segmentation/GDPH-tissue-segmentation/394732-15-HE-DX1.png,DP500-COAD_READ-GDPH_P01/part1/394732-15-HE-DX1-class.tiff,DP500-COAD_READ-GDPH_P01/part1/394732-15-HE-DX1-instance.tiff,DP500-COAD_READ-GDPH_P01/part1/394732-15-HE-DX1.tiff
tissue_seg@10x/GDPH-tissue-segmentation/GDPH-tissue-segmentation/395147-17-HE-DX1-S02.png,DP500-COAD_READ-GDPH_P01/part1/395147-17-HE-DX1-S02-class.tiff,DP500-COAD_READ-GDPH_P01/part1/395147-17-HE-DX1-S02-instance.tiff,DP500-COAD_READ-GDPH_P01/part1/395147-17-HE-DX1-S02.tiff
tissue_seg@10x/GDPH-tissue-segmentation/GDPH-tissue-segmentation/395147-19-HE-DX1.png,DP500-COAD_READ-GDPH_P01/part1/395147-19-HE-DX1-class.tiff,DP500-COAD_READ-GDPH_P01/part1/395147-19-HE-DX1-instance.tiff,DP500-COAD_READ-GDPH_P01/part1/395147-19-HE-DX1.tiff
tissue_seg@10x/GDPH-tissue-segmentation/GDPH-tissue-segmentation/395519-4-HE-DX1.png,DP500-COAD_READ-GDPH_P01/part1/395519-4-HE-DX1-class.tiff,DP500-COAD_READ-GDPH_P01/part1/395519-4-HE-DX1-instance.tiff,DP500-COAD_READ-GDPH_P01/part1/395519-4-HE-DX1.tiff
tissue_seg@10x/GDPH-tissue-segmentation/GDPH-tissue-segmentation/395519-5-HE-DX1-S01.png,DP500-COAD_READ-GDPH_P01/part1/395519-5-HE-DX1-S01-class.tiff,DP500-COAD_READ-GDPH_P01/part1/395519-5-HE-DX1-S01-instance.tiff,DP500-COAD_READ-GDPH_P01/part1/395519-5-HE-DX1-S01.tiff
tissue_seg@10x/GDPH-tissue-segmentation/GDPH-tissue-segmentation/395519-5-HE-DX1-S02.png,DP500-COAD_READ-GDPH_P01/part1/395519-5-HE-DX1-S02-class.tiff,DP500-COAD_READ-GDPH_P01/part1/395519-5-HE-DX1-S02-instance.tiff,DP500-COAD_READ-GDPH_P01/part1/395519-5-HE-DX1-S02.tiff
tissue_seg@10x/GDPH-tissue-segmentation/GDPH-tissue-segmentation/396426-3-HE-DX1.png,DP500-COAD_READ-GDPH_P01/part1/396426-3-HE-DX1-class.tiff,DP500-COAD_READ-GDPH_P01/part1/396426-3-HE-DX1-instance.tiff,DP500-COAD_READ-GDPH_P01/part1/396426-3-HE-DX1.tiff
tissue_seg@10x/GDPH-tissue-segmentation/GDPH-tissue-segmentation/396448-4-HE-DX1.png,DP500-COAD_READ-GDPH_P01/part1/396448-4-HE-DX1-class.tiff,DP500-COAD_READ-GDPH_P01/part1/396448-4-HE-DX1-instance.tiff,DP500-COAD_READ-GDPH_P01/part1/396448-4-HE-DX1.tiff
tissue_seg@10x/GDPH-tissue-segmentation/GDPH-tissue-segmentation/396850-8-HE-DX1-S01.png,DP500-COAD_READ-GDPH_P01/part1/396850-8-HE-DX1-S01-class.tiff,DP500-COAD_READ-GDPH_P01/part1/396850-8-HE-DX1-S01-instance.tiff,DP500-COAD_READ-GDPH_P01/part1/396850-8-HE-DX1-S01.tiff
tissue_seg@10x/GDPH-tissue-segmentation/GDPH-tissue-segmentation/396850-8-HE-DX1-S02.png,DP500-COAD_READ-GDPH_P01/part1/396850-8-HE-DX1-S02-class.tiff,DP500-COAD_READ-GDPH_P01/part1/396850-8-HE-DX1-S02-instance.tiff,DP500-COAD_READ-GDPH_P01/part1/396850-8-HE-DX1-S02.tiff
tissue_seg@10x/GDPH-tissue-segmentation/GDPH-tissue-segmentation/397236-5-HE-DX1.png,DP500-COAD_READ-GDPH_P01/part1/397236-5-HE-DX1-class.tiff,DP500-COAD_READ-GDPH_P01/part1/397236-5-HE-DX1-instance.tiff,DP500-COAD_READ-GDPH_P01/part1/397236-5-HE-DX1.tiff
tissue_seg@10x/GDPH-tissue-segmentation/GDPH-tissue-segmentation/397237-6-HE-DX1-S01.png,DP500-COAD_READ-GDPH_P01/part1/397237-6-HE-DX1-S01-class.tiff,DP500-COAD_READ-GDPH_P01/part1/397237-6-HE-DX1-S01-instance.tiff,DP500-COAD_READ-GDPH_P01/part1/397237-6-HE-DX1-S01.tiff
tissue_seg@10x/GDPH-tissue-segmentation/GDPH-tissue-segmentation/397237-6-HE-DX1-S02.png,DP500-COAD_READ-GDPH_P01/part1/397237-6-HE-DX1-S02-class.tiff,DP500-COAD_READ-GDPH_P01/part1/397237-6-HE-DX1-S02-instance.tiff,DP500-COAD_READ-GDPH_P01/part1/397237-6-HE-DX1-S02.tiff
tissue_seg@10x/GDPH-tissue-segmentation/GDPH-tissue-segmentation/397460-15-HE-DX1-S01.png,DP500-COAD_READ-GDPH_P01/part1/397460-15-HE-DX1-S01-class.tiff,DP500-COAD_READ-GDPH_P01/part1/397460-15-HE-DX1-S01-instance.tiff,DP500-COAD_READ-GDPH_P01/part1/397460-15-HE-DX1-S01.tiff
tissue_seg@10x/GDPH-tissue-segmentation/GDPH-tissue-segmentation/397460-15-HE-DX1-S02.png,DP500-COAD_READ-GDPH_P01/part1/397460-15-HE-DX1-S02-class.tiff,DP500-COAD_READ-GDPH_P01/part1/397460-15-HE-DX1-S02-instance.tiff,DP500-COAD_READ-GDPH_P01/part1/397460-15-HE-DX1-S02.tiff
tissue_seg@10x/GDPH-tissue-segmentation/GDPH-tissue-segmentation/397629-1-HE-DX1.png,DP500-COAD_READ-GDPH_P01/part1/397629-1-HE-DX1-class.tiff,DP500-COAD_READ-GDPH_P01/part1/397629-1-HE-DX1-instance.tiff,DP500-COAD_READ-GDPH_P01/part1/397629-1-HE-DX1.tiff
tissue_seg@10x/GDPH-tissue-segmentation/GDPH-tissue-segmentation/397629-3-HE-DX1-S01.png,DP500-COAD_READ-GDPH_P01/part1/397629-3-HE-DX1-S01-class.tiff,DP500-COAD_READ-GDPH_P01/part1/397629-3-HE-DX1-S01-instance.tiff,DP500-COAD_READ-GDPH_P01/part1/397629-3-HE-DX1-S01.tiff
tissue_seg@10x/GDPH-tissue-segmentation/GDPH-tissue-segmentation/397629-3-HE-DX1-S02.png,DP500-COAD_READ-GDPH_P01/part1/397629-3-HE-DX1-S02-class.tiff,DP500-COAD_READ-GDPH_P01/part1/397629-3-HE-DX1-S02-instance.tiff,DP500-COAD_READ-GDPH_P01/part1/397629-3-HE-DX1-S02.tiff
tissue_seg@10x/GDPH-tissue-segmentation/GDPH-tissue-segmentation/397631-8-HE-DX1-S01.png,DP500-COAD_READ-GDPH_P01/part1/397631-8-HE-DX1-S01-class.tiff,DP500-COAD_READ-GDPH_P01/part1/397631-8-HE-DX1-S01-instance.tiff,DP500-COAD_READ-GDPH_P01/part1/397631-8-HE-DX1-S01.tiff
tissue_seg@10x/GDPH-tissue-segmentation/GDPH-tissue-segmentation/397631-8-HE-DX1-S02.png,DP500-COAD_READ-GDPH_P01/part1/397631-8-HE-DX1-S02-class.tiff,DP500-COAD_READ-GDPH_P01/part1/397631-8-HE-DX1-S02-instance.tiff,DP500-COAD_READ-GDPH_P01/part1/397631-8-HE-DX1-S02.tiff
tissue_seg@10x/GDPH-tissue-segmentation/GDPH-tissue-segmentation/397714-2-HE-DX1-S01.png,DP500-COAD_READ-GDPH_P01/part1/397714-2-HE-DX1-S01-class.tiff,DP500-COAD_READ-GDPH_P01/part1/397714-2-HE-DX1-S01-instance.tiff,DP500-COAD_READ-GDPH_P01/part1/397714-2-HE-DX1-S01.tiff
tissue_seg@10x/GDPH-tissue-segmentation/GDPH-tissue-segmentation/397714-2-HE-DX1-S02.png,DP500-COAD_READ-GDPH_P01/part1/397714-2-HE-DX1-S02-class.tiff,DP500-COAD_READ-GDPH_P01/part1/397714-2-HE-DX1-S02-instance.tiff,DP500-COAD_READ-GDPH_P01/part1/397714-2-HE-DX1-S02.tiff
tissue_seg@10x/GDPH-tissue-segmentation/GDPH-tissue-segmentation/398494-8-HE-DX1-S01.png,DP500-COAD_READ-GDPH_P01/part1/398494-8-HE-DX1-S01-class.tiff,DP500-COAD_READ-GDPH_P01/part1/398494-8-HE-DX1-S01-instance.tiff,DP500-COAD_READ-GDPH_P01/part1/398494-8-HE-DX1-S01.tiff
tissue_seg@10x/GDPH-tissue-segmentation/GDPH-tissue-segmentation/398494-8-HE-DX1-S02.png,DP500-COAD_READ-GDPH_P01/part1/398494-8-HE-DX1-S02-class.tiff,DP500-COAD_READ-GDPH_P01/part1/398494-8-HE-DX1-S02-instance.tiff,DP500-COAD_READ-GDPH_P01/part1/398494-8-HE-DX1-S02.tiff
tissue_seg@10x/GDPH-tissue-segmentation/GDPH-tissue-segmentation/398496-3-HE-DX1.png,DP500-COAD_READ-GDPH_P01/part1/398496-3-HE-DX1-class.tiff,DP500-COAD_READ-GDPH_P01/part1/398496-3-HE-DX1-instance.tiff,DP500-COAD_READ-GDPH_P01/part1/398496-3-HE-DX1.tiff
tissue_seg@10x/GDPH-tissue-segmentation/GDPH-tissue-segmentation/398496-6-HE-DX1-S01.png,DP500-COAD_READ-GDPH_P01/part1/398496-6-HE-DX1-S01-class.tiff,DP500-COAD_READ-GDPH_P01/part1/398496-6-HE-DX1-S01-instance.tiff,DP500-COAD_READ-GDPH_P01/part1/398496-6-HE-DX1-S01.tiff
tissue_seg@10x/GDPH-tissue-segmentation/GDPH-tissue-segmentation/398496-6-HE-DX1-S02.png,DP500-COAD_READ-GDPH_P01/part1/398496-6-HE-DX1-S02-class.tiff,DP500-COAD_READ-GDPH_P01/part1/398496-6-HE-DX1-S02-instance.tiff,DP500-COAD_READ-GDPH_P01/part1/398496-6-HE-DX1-S02.tiff
tissue_seg@10x/GDPH-tissue-segmentation/GDPH-tissue-segmentation/398611-7-HE-DX1-S01.png,DP500-COAD_READ-GDPH_P01/part1/398611-7-HE-DX1-S01-class.tiff,DP500-COAD_READ-GDPH_P01/part1/398611-7-HE-DX1-S01-instance.tiff,DP500-COAD_READ-GDPH_P01/part1/398611-7-HE-DX1-S01.tiff
tissue_seg@10x/GDPH-tissue-segmentation/GDPH-tissue-segmentation/398611-7-HE-DX1-S02.png,DP500-COAD_READ-GDPH_P01/part1/398611-7-HE-DX1-S02-class.tiff,DP500-COAD_READ-GDPH_P01/part1/398611-7-HE-DX1-S02-instance.tiff,DP500-COAD_READ-GDPH_P01/part1/398611-7-HE-DX1-S02.tiff
tissue_seg@10x/GDPH-tissue-segmentation/GDPH-tissue-segmentation/399134-10-HE-DX1-S01.png,DP500-COAD_READ-GDPH_P01/part1/399134-10-HE-DX1-S01-class.tiff,DP500-COAD_READ-GDPH_P01/part1/399134-10-HE-DX1-S01-instance.tiff,DP500-COAD_READ-GDPH_P01/part1/399134-10-HE-DX1-S01.tiff
tissue_seg@10x/GDPH-tissue-segmentation/GDPH-tissue-segmentation/399134-10-HE-DX1-S02.png,DP500-COAD_READ-GDPH_P01/part1/399134-10-HE-DX1-S02-class.tiff,DP500-COAD_READ-GDPH_P01/part1/399134-10-HE-DX1-S02-instance.tiff,DP500-COAD_READ-GDPH_P01/part1/399134-10-HE-DX1-S02.tiff
tissue_seg@10x/GDPH-tissue-segmentation/GDPH-tissue-segmentation/401376-11-HE-DX1-S01.png,DP500-COAD_READ-GDPH_P01/part1/401376-11-HE-DX1-S01-class.tiff,DP500-COAD_READ-GDPH_P01/part1/401376-11-HE-DX1-S01-instance.tiff,DP500-COAD_READ-GDPH_P01/part1/401376-11-HE-DX1-S01.tiff
tissue_seg@10x/GDPH-tissue-segmentation/GDPH-tissue-segmentation/401376-11-HE-DX1-S02.png,DP500-COAD_READ-GDPH_P01/part1/401376-11-HE-DX1-S02-class.tiff,DP500-COAD_READ-GDPH_P01/part1/401376-11-HE-DX1-S02-instance.tiff,DP500-COAD_READ-GDPH_P01/part1/401376-11-HE-DX1-S02.tiff
tissue_seg@10x/GDPH-tissue-segmentation/GDPH-tissue-segmentation/401896-7-HE-DX1.png,DP500-COAD_READ-GDPH_P01/part1/401896-7-HE-DX1-class.tiff,DP500-COAD_READ-GDPH_P01/part1/401896-7-HE-DX1-instance.tiff,DP500-COAD_READ-GDPH_P01/part1/401896-7-HE-DX1.tiff
tissue_seg@10x/GDPH-tissue-segmentation/GDPH-tissue-segmentation/401897-9-HE-DX1-S01.png,DP500-COAD_READ-GDPH_P01/part1/401897-9-HE-DX1-S01-class.tiff,DP500-COAD_READ-GDPH_P01/part1/401897-9-HE-DX1-S01-instance.tiff,DP500-COAD_READ-GDPH_P01/part1/401897-9-HE-DX1-S01.tiff
tissue_seg@10x/GDPH-tissue-segmentation/GDPH-tissue-segmentation/401897-9-HE-DX1-S02.png,DP500-COAD_READ-GDPH_P01/part1/401897-9-HE-DX1-S02-class.tiff,DP500-COAD_READ-GDPH_P01/part1/401897-9-HE-DX1-S02-instance.tiff,DP500-COAD_READ-GDPH_P01/part1/401897-9-HE-DX1-S02.tiff
tissue_seg@10x/GDPH-tissue-segmentation/GDPH-tissue-segmentation/402400-6-HE-DX1-S01.png,DP500-COAD_READ-GDPH_P01/part1/402400-6-HE-DX1-S01-class.tiff,DP500-COAD_READ-GDPH_P01/part1/402400-6-HE-DX1-S01-instance.tiff,DP500-COAD_READ-GDPH_P01/part1/402400-6-HE-DX1-S01.tiff
tissue_seg@10x/GDPH-tissue-segmentation/GDPH-tissue-segmentation/402400-6-HE-DX1-S02.png,DP500-COAD_READ-GDPH_P01/part1/402400-6-HE-DX1-S02-class.tiff,DP500-COAD_READ-GDPH_P01/part1/402400-6-HE-DX1-S02-instance.tiff,DP500-COAD_READ-GDPH_P01/part1/402400-6-HE-DX1-S02.tiff
tissue_seg@10x/GDPH-tissue-segmentation/GDPH-tissue-segmentation/402402-12-HE-DX1-S01.png,DP500-COAD_READ-GDPH_P01/part1/402402-12-HE-DX1-S01-class.tiff,DP500-COAD_READ-GDPH_P01/part1/402402-12-HE-DX1-S01-instance.tiff,DP500-COAD_READ-GDPH_P01/part1/402402-12-HE-DX1-S01.tiff
tissue_seg@10x/GDPH-tissue-segmentation/GDPH-tissue-segmentation/402402-12-HE-DX1-S02.png,DP500-COAD_READ-GDPH_P01/part1/402402-12-HE-DX1-S02-class.tiff,DP500-COAD_READ-GDPH_P01/part1/402402-12-HE-DX1-S02-instance.tiff,DP500-COAD_READ-GDPH_P01/part1/402402-12-HE-DX1-S02.tiff
tissue_seg@10x/GDPH-tissue-segmentation/GDPH-tissue-segmentation/402638-11-HE-DX1.png,DP500-COAD_READ-GDPH_P01/part1/402638-11-HE-DX1-class.tiff,DP500-COAD_READ-GDPH_P01/part1/402638-11-HE-DX1-instance.tiff,DP500-COAD_READ-GDPH_P01/part1/402638-11-HE-DX1.tiff
tissue_seg@10x/GDPH-tissue-segmentation/GDPH-tissue-segmentation/402638-9-HE-DX1-S01.png,DP500-COAD_READ-GDPH_P01/part1/402638-9-HE-DX1-S01-class.tiff,DP500-COAD_READ-GDPH_P01/part1/402638-9-HE-DX1-S01-instance.tiff,DP500-COAD_READ-GDPH_P01/part1/402638-9-HE-DX1-S01.tiff
tissue_seg@10x/GDPH-tissue-segmentation/GDPH-tissue-segmentation/402638-9-HE-DX1-S02.png,DP500-COAD_READ-GDPH_P01/part1/402638-9-HE-DX1-S02-class.tiff,DP500-COAD_READ-GDPH_P01/part1/402638-9-HE-DX1-S02-instance.tiff,DP500-COAD_READ-GDPH_P01/part1/402638-9-HE-DX1-S02.tiff
tissue_seg@10x/GDPH-tissue-segmentation/GDPH-tissue-segmentation/404126-11-HE-DX1.png,DP500-COAD_READ-GDPH_P01/part1/404126-11-HE-DX1-class.tiff,DP500-COAD_READ-GDPH_P01/part1/404126-11-HE-DX1-instance.tiff,DP500-COAD_READ-GDPH_P01/part1/404126-11-HE-DX1.tiff
tissue_seg@10x/GDPH-tissue-segmentation/GDPH-tissue-segmentation/404607-9-HE-DX1-S01.png,DP500-COAD_READ-GDPH_P01/part1/404607-9-HE-DX1-S01-class.tiff,DP500-COAD_READ-GDPH_P01/part1/404607-9-HE-DX1-S01-instance.tiff,DP500-COAD_READ-GDPH_P01/part1/404607-9-HE-DX1-S01.tiff
tissue_seg@10x/GDPH-tissue-segmentation/GDPH-tissue-segmentation/404607-9-HE-DX1-S02.png,DP500-COAD_READ-GDPH_P01/part1/404607-9-HE-DX1-S02-class.tiff,DP500-COAD_READ-GDPH_P01/part1/404607-9-HE-DX1-S02-instance.tiff,DP500-COAD_READ-GDPH_P01/part1/404607-9-HE-DX1-S02.tiff
tissue_seg@10x/GDPH-tissue-segmentation/GDPH-tissue-segmentation/405172-9-HE-DX1.png,DP500-COAD_READ-GDPH_P01/part1/405172-9-HE-DX1-class.tiff,DP500-COAD_READ-GDPH_P01/part1/405172-9-HE-DX1-instance.tiff,DP500-COAD_READ-GDPH_P01/part1/405172-9-HE-DX1.tiff
tissue_seg@10x/GDPH-tissue-segmentation/GDPH-tissue-segmentation/406712-15-HE-DX1-S01.png,DP500-COAD_READ-GDPH_P01/part1/406712-15-HE-DX1-S01-class.tiff,DP500-COAD_READ-GDPH_P01/part1/406712-15-HE-DX1-S01-instance.tiff,DP500-COAD_READ-GDPH_P01/part1/406712-15-HE-DX1-S01.tiff
tissue_seg@10x/GDPH-tissue-segmentation/GDPH-tissue-segmentation/406712-15-HE-DX1.png,DP500-COAD_READ-GDPH_P01/part1/406712-15-HE-DX1-class.tiff,DP500-COAD_READ-GDPH_P01/part1/406712-15-HE-DX1-instance.tiff,DP500-COAD_READ-GDPH_P01/part1/406712-15-HE-DX1.tiff
tissue_seg@10x/GDPH-tissue-segmentation/GDPH-tissue-segmentation/407939-7-HE-DX1-S01.png,DP500-COAD_READ-GDPH_P01/part1/407939-7-HE-DX1-S01-class.tiff,DP500-COAD_READ-GDPH_P01/part1/407939-7-HE-DX1-S01-instance.tiff,DP500-COAD_READ-GDPH_P01/part1/407939-7-HE-DX1-S01.tiff
tissue_seg@10x/GDPH-tissue-segmentation/GDPH-tissue-segmentation/407939-7-HE-DX1-S02.png,DP500-COAD_READ-GDPH_P01/part1/407939-7-HE-DX1-S02-class.tiff,DP500-COAD_READ-GDPH_P01/part1/407939-7-HE-DX1-S02-instance.tiff,DP500-COAD_READ-GDPH_P01/part1/407939-7-HE-DX1-S02.tiff
tissue_seg@10x/GDPH-tissue-segmentation/GDPH-tissue-segmentation/408171-10-HE-DX1.png,DP500-COAD_READ-GDPH_P01/part1/408171-10-HE-DX1-class.tiff,DP500-COAD_READ-GDPH_P01/part1/408171-10-HE-DX1-instance.tiff,DP500-COAD_READ-GDPH_P01/part1/408171-10-HE-DX1.tiff
tissue_seg@10x/GDPH-tissue-segmentation/GDPH-tissue-segmentation/408172-7-HE-DX1-S01.png,DP500-COAD_READ-GDPH_P01/part1/408172-7-HE-DX1-S01-class.tiff,DP500-COAD_READ-GDPH_P01/part1/408172-7-HE-DX1-S01-instance.tiff,DP500-COAD_READ-GDPH_P01/part1/408172-7-HE-DX1-S01.tiff
tissue_seg@10x/GDPH-tissue-segmentation/GDPH-tissue-segmentation/408172-7-HE-DX1-S02.png,DP500-COAD_READ-GDPH_P01/part1/408172-7-HE-DX1-S02-class.tiff,DP500-COAD_READ-GDPH_P01/part1/408172-7-HE-DX1-S02-instance.tiff,DP500-COAD_READ-GDPH_P01/part1/408172-7-HE-DX1-S02.tiff
tissue_seg@10x/GDPH-tissue-segmentation/GDPH-tissue-segmentation/408175-15-HE-DX1-S01.png,DP500-COAD_READ-GDPH_P01/part1/408175-15-HE-DX1-S01-class.tiff,DP500-COAD_READ-GDPH_P01/part1/408175-15-HE-DX1-S01-instance.tiff,DP500-COAD_READ-GDPH_P01/part1/408175-15-HE-DX1-S01.tiff
tissue_seg@10x/GDPH-tissue-segmentation/GDPH-tissue-segmentation/408175-15-HE-DX1-S02.png,DP500-COAD_READ-GDPH_P01/part1/408175-15-HE-DX1-S02-class.tiff,DP500-COAD_READ-GDPH_P01/part1/408175-15-HE-DX1-S02-instance.tiff,DP500-COAD_READ-GDPH_P01/part1/408175-15-HE-DX1-S02.tiff
tissue_seg@10x/GDPH-tissue-segmentation/GDPH-tissue-segmentation/408410-12-HE-DX1.png,DP500-COAD_READ-GDPH_P01/part1/408410-12-HE-DX1-class.tiff,DP500-COAD_READ-GDPH_P01/part1/408410-12-HE-DX1-instance.tiff,DP500-COAD_READ-GDPH_P01/part1/408410-12-HE-DX1.tiff
tissue_seg@10x/GDPH-tissue-segmentation/GDPH-tissue-segmentation/409678-11-HE-DX1-S01.png,DP500-COAD_READ-GDPH_P01/part1/409678-11-HE-DX1-S01-class.tiff,DP500-COAD_READ-GDPH_P01/part1/409678-11-HE-DX1-S01-instance.tiff,DP500-COAD_READ-GDPH_P01/part1/409678-11-HE-DX1-S01.tiff
tissue_seg@10x/GDPH-tissue-segmentation/GDPH-tissue-segmentation/409678-11-HE-DX1-S02.png,DP500-COAD_READ-GDPH_P01/part1/409678-11-HE-DX1-S02-class.tiff,DP500-COAD_READ-GDPH_P01/part1/409678-11-HE-DX1-S02-instance.tiff,DP500-COAD_READ-GDPH_P01/part1/409678-11-HE-DX1-S02.tiff
tissue_seg@10x/GDPH-tissue-segmentation/GDPH-tissue-segmentation/409731-9-HE-DX1-S01.png,DP500-COAD_READ-GDPH_P01/part1/409731-9-HE-DX1-S01-class.tiff,DP500-COAD_READ-GDPH_P01/part1/409731-9-HE-DX1-S01-instance.tiff,DP500-COAD_READ-GDPH_P01/part1/409731-9-HE-DX1-S01.tiff
tissue_seg@10x/GDPH-tissue-segmentation/GDPH-tissue-segmentation/409731-9-HE-DX1-S02.png,DP500-COAD_READ-GDPH_P01/part1/409731-9-HE-DX1-S02-class.tiff,DP500-COAD_READ-GDPH_P01/part1/409731-9-HE-DX1-S02-instance.tiff,DP500-COAD_READ-GDPH_P01/part1/409731-9-HE-DX1-S02.tiff
tissue_seg@10x/GDPH-tissue-segmentation/GDPH-tissue-segmentation/409964-9-HE-DX1.png,DP500-COAD_READ-GDPH_P01/part1/409964-9-HE-DX1-class.tiff,DP500-COAD_READ-GDPH_P01/part1/409964-9-HE-DX1-instance.tiff,DP500-COAD_READ-GDPH_P01/part1/409964-9-HE-DX1.tiff
tissue_seg@10x/GDPH-tissue-segmentation/GDPH-tissue-segmentation/410204-14-HE-DX1-S01.png,DP500-COAD_READ-GDPH_P01/part1/410204-14-HE-DX1-S01-class.tiff,DP500-COAD_READ-GDPH_P01/part1/410204-14-HE-DX1-S01-instance.tiff,DP500-COAD_READ-GDPH_P01/part1/410204-14-HE-DX1-S01.tiff
tissue_seg@10x/GDPH-tissue-segmentation/GDPH-tissue-segmentation/410204-14-HE-DX1-S02.png,DP500-COAD_READ-GDPH_P01/part1/410204-14-HE-DX1-S02-class.tiff,DP500-COAD_READ-GDPH_P01/part1/410204-14-HE-DX1-S02-instance.tiff,DP500-COAD_READ-GDPH_P01/part1/410204-14-HE-DX1-S02.tiff
tissue_seg@10x/GDPH-tissue-segmentation/GDPH-tissue-segmentation/411686-18-HE-DX1.png,DP500-COAD_READ-GDPH_P01/part1/411686-18-HE-DX1-class.tiff,DP500-COAD_READ-GDPH_P01/part1/411686-18-HE-DX1-instance.tiff,DP500-COAD_READ-GDPH_P01/part1/411686-18-HE-DX1.tiff
tissue_seg@10x/GDPH-tissue-segmentation/GDPH-tissue-segmentation/413112-10-HE-DX1.png,DP500-COAD_READ-GDPH_P01/part1/413112-10-HE-DX1-class.tiff,DP500-COAD_READ-GDPH_P01/part1/413112-10-HE-DX1-instance.tiff,DP500-COAD_READ-GDPH_P01/part1/413112-10-HE-DX1.tiff
tissue_seg@10x/GDPH-tissue-segmentation/GDPH-tissue-segmentation/414065-10-HE-DX1.png,DP500-COAD_READ-GDPH_P01/part1/414065-10-HE-DX1-class.tiff,DP500-COAD_READ-GDPH_P01/part1/414065-10-HE-DX1-instance.tiff,DP500-COAD_READ-GDPH_P01/part1/414065-10-HE-DX1.tiff
tissue_seg@10x/GDPH-tissue-segmentation/GDPH-tissue-segmentation/415039-14-HE-DX1-S01.png,DP500-COAD_READ-GDPH_P01/part1/415039-14-HE-DX1-S01-class.tiff,DP500-COAD_READ-GDPH_P01/part1/415039-14-HE-DX1-S01-instance.tiff,DP500-COAD_READ-GDPH_P01/part1/415039-14-HE-DX1-S01.tiff
tissue_seg@10x/GDPH-tissue-segmentation/GDPH-tissue-segmentation/415039-14-HE-DX1-S02.png,DP500-COAD_READ-GDPH_P01/part1/415039-14-HE-DX1-S02-class.tiff,DP500-COAD_READ-GDPH_P01/part1/415039-14-HE-DX1-S02-instance.tiff,DP500-COAD_READ-GDPH_P01/part1/415039-14-HE-DX1-S02.tiff
tissue_seg@10x/GDPH-tissue-segmentation/GDPH-tissue-segmentation/415136-14-HE-DX1-S01.png,DP500-COAD_READ-GDPH_P01/part1/415136-14-HE-DX1-S01-class.tiff,DP500-COAD_READ-GDPH_P01/part1/415136-14-HE-DX1-S01-instance.tiff,DP500-COAD_READ-GDPH_P01/part1/415136-14-HE-DX1-S01.tiff
tissue_seg@10x/GDPH-tissue-segmentation/GDPH-tissue-segmentation/415136-14-HE-DX1-S02.png,DP500-COAD_READ-GDPH_P01/part1/415136-14-HE-DX1-S02-class.tiff,DP500-COAD_READ-GDPH_P01/part1/415136-14-HE-DX1-S02-instance.tiff,DP500-COAD_READ-GDPH_P01/part1/415136-14-HE-DX1-S02.tiff
tissue_seg@10x/GDPH-tissue-segmentation/GDPH-tissue-segmentation/415593-12-HE-DX1-S01.png,DP500-COAD_READ-GDPH_P01/part1/415593-12-HE-DX1-S01-class.tiff,DP500-COAD_READ-GDPH_P01/part1/415593-12-HE-DX1-S01-instance.tiff,DP500-COAD_READ-GDPH_P01/part1/415593-12-HE-DX1-S01.tiff
tissue_seg@10x/GDPH-tissue-segmentation/GDPH-tissue-segmentation/415593-12-HE-DX1-S02.png,DP500-COAD_READ-GDPH_P01/part1/415593-12-HE-DX1-S02-class.tiff,DP500-COAD_READ-GDPH_P01/part1/415593-12-HE-DX1-S02-instance.tiff,DP500-COAD_READ-GDPH_P01/part1/415593-12-HE-DX1-S02.tiff
tissue_seg@10x/GDPH-tissue-segmentation/GDPH-tissue-segmentation/415595-8-HE-DX1-S01.png,DP500-COAD_READ-GDPH_P01/part1/415595-8-HE-DX1-S01-class.tiff,DP500-COAD_READ-GDPH_P01/part1/415595-8-HE-DX1-S01-instance.tiff,DP500-COAD_READ-GDPH_P01/part1/415595-8-HE-DX1-S01.tiff
tissue_seg@10x/GDPH-tissue-segmentation/GDPH-tissue-segmentation/415595-8-HE-DX1-S02.png,DP500-COAD_READ-GDPH_P01/part1/415595-8-HE-DX1-S02-class.tiff,DP500-COAD_READ-GDPH_P01/part1/415595-8-HE-DX1-S02-instance.tiff,DP500-COAD_READ-GDPH_P01/part1/415595-8-HE-DX1-S02.tiff
tissue_seg@10x/GDPH-tissue-segmentation/GDPH-tissue-segmentation/416652-17-HE-DX1.png,DP500-COAD_READ-GDPH_P01/part1/416652-17-HE-DX1-class.tiff,DP500-COAD_READ-GDPH_P01/part1/416652-17-HE-DX1-instance.tiff,DP500-COAD_READ-GDPH_P01/part1/416652-17-HE-DX1.tiff
tissue_seg@10x/GDPH-tissue-segmentation/GDPH-tissue-segmentation/417335-3-HE-DX1.png,DP500-COAD_READ-GDPH_P01/part1/417335-3-HE-DX1-class.tiff,DP500-COAD_READ-GDPH_P01/part1/417335-3-HE-DX1-instance.tiff,DP500-COAD_READ-GDPH_P01/part1/417335-3-HE-DX1.tiff
tissue_seg@10x/GDPH-tissue-segmentation/GDPH-tissue-segmentation/417697-10-HE-DX1-S01.png,DP500-COAD_READ-GDPH_P01/part1/417697-10-HE-DX1-S01-class.tiff,DP500-COAD_READ-GDPH_P01/part1/417697-10-HE-DX1-S01-instance.tiff,DP500-COAD_READ-GDPH_P01/part1/417697-10-HE-DX1-S01.tiff
tissue_seg@10x/GDPH-tissue-segmentation/GDPH-tissue-segmentation/417697-10-HE-DX1-S02.png,DP500-COAD_READ-GDPH_P01/part1/417697-10-HE-DX1-S02-class.tiff,DP500-COAD_READ-GDPH_P01/part1/417697-10-HE-DX1-S02-instance.tiff,DP500-COAD_READ-GDPH_P01/part1/417697-10-HE-DX1-S02.tiff
tissue_seg@10x/GDPH-tissue-segmentation/GDPH-tissue-segmentation/418046-10-HE-DX1-S01.png,DP500-COAD_READ-GDPH_P01/part1/418046-10-HE-DX1-S01-class.tiff,DP500-COAD_READ-GDPH_P01/part1/418046-10-HE-DX1-S01-instance.tiff,DP500-COAD_READ-GDPH_P01/part1/418046-10-HE-DX1-S01.tiff
tissue_seg@10x/GDPH-tissue-segmentation/GDPH-tissue-segmentation/418046-10-HE-DX1-S02.png,DP500-COAD_READ-GDPH_P01/part1/418046-10-HE-DX1-S02-class.tiff,DP500-COAD_READ-GDPH_P01/part1/418046-10-HE-DX1-S02-instance.tiff,DP500-COAD_READ-GDPH_P01/part1/418046-10-HE-DX1-S02.tiff
tissue_seg@10x/GDPH-tissue-segmentation/GDPH-tissue-segmentation/418750-7-HE-DX1.png,DP500-COAD_READ-GDPH_P01/part1/418750-7-HE-DX1-class.tiff,DP500-COAD_READ-GDPH_P01/part1/418750-7-HE-DX1-instance.tiff,DP500-COAD_READ-GDPH_P01/part1/418750-7-HE-DX1.tiff
tissue_seg@10x/GDPH-tissue-segmentation/GDPH-tissue-segmentation/418853-13-HE-DX1-S01.png,DP500-COAD_READ-GDPH_P01/part1/418853-13-HE-DX1-S01-class.tiff,DP500-COAD_READ-GDPH_P01/part1/418853-13-HE-DX1-S01-instance.tiff,DP500-COAD_READ-GDPH_P01/part1/418853-13-HE-DX1-S01.tiff
tissue_seg@10x/GDPH-tissue-segmentation/GDPH-tissue-segmentation/418853-13-HE-DX1-S02.png,DP500-COAD_READ-GDPH_P01/part1/418853-13-HE-DX1-S02-class.tiff,DP500-COAD_READ-GDPH_P01/part1/418853-13-HE-DX1-S02-instance.tiff,DP500-COAD_READ-GDPH_P01/part1/418853-13-HE-DX1-S02.tiff
tissue_seg@10x/GDPH-tissue-segmentation/GDPH-tissue-segmentation/420196-NA-HE-DX1-S01.png,DP500-COAD_READ-GDPH_P01/part1/420196-NA-HE-DX1-S01-class.tiff,DP500-COAD_READ-GDPH_P01/part1/420196-NA-HE-DX1-S01-instance.tiff,DP500-COAD_READ-GDPH_P01/part1/420196-NA-HE-DX1-S01.tiff
tissue_seg@10x/GDPH-tissue-segmentation/GDPH-tissue-segmentation/420196-NA-HE-DX1-S02.png,DP500-COAD_READ-GDPH_P01/part1/420196-NA-HE-DX1-S02-class.tiff,DP500-COAD_READ-GDPH_P01/part1/420196-NA-HE-DX1-S02-instance.tiff,DP500-COAD_READ-GDPH_P01/part1/420196-NA-HE-DX1-S02.tiff
tissue_seg@10x/GDPH-tissue-segmentation/GDPH-tissue-segmentation/420754-18-HE-DX1-S01.png,DP500-COAD_READ-GDPH_P01/part1/420754-18-HE-DX1-S01-class.tiff,DP500-COAD_READ-GDPH_P01/part1/420754-18-HE-DX1-S01-instance.tiff,DP500-COAD_READ-GDPH_P01/part1/420754-18-HE-DX1-S01.tiff
tissue_seg@10x/GDPH-tissue-segmentation/GDPH-tissue-segmentation/420754-18-HE-DX1-S02.png,DP500-COAD_READ-GDPH_P01/part1/420754-18-HE-DX1-S02-class.tiff,DP500-COAD_READ-GDPH_P01/part1/420754-18-HE-DX1-S02-instance.tiff,DP500-COAD_READ-GDPH_P01/part1/420754-18-HE-DX1-S02.tiff
tissue_seg@10x/GDPH-tissue-segmentation/GDPH-tissue-segmentation/421958-5-HE-DX1.png,DP500-COAD_READ-GDPH_P01/part1/421958-5-HE-DX1-class.tiff,DP500-COAD_READ-GDPH_P01/part1/421958-5-HE-DX1-instance.tiff,DP500-COAD_READ-GDPH_P01/part1/421958-5-HE-DX1.tiff
tissue_seg@10x/GDPH-tissue-segmentation/GDPH-tissue-segmentation/422150-21-HE-DX1-S01.png,DP500-COAD_READ-GDPH_P01/part1/422150-21-HE-DX1-S01-class.tiff,DP500-COAD_READ-GDPH_P01/part1/422150-21-HE-DX1-S01-instance.tiff,DP500-COAD_READ-GDPH_P01/part1/422150-21-HE-DX1-S01.tiff
tissue_seg@10x/GDPH-tissue-segmentation/GDPH-tissue-segmentation/422150-21-HE-DX1-S02.png,DP500-COAD_READ-GDPH_P01/part1/422150-21-HE-DX1-S02-class.tiff,DP500-COAD_READ-GDPH_P01/part1/422150-21-HE-DX1-S02-instance.tiff,DP500-COAD_READ-GDPH_P01/part1/422150-21-HE-DX1-S02.tiff
tissue_seg@10x/GDPH-tissue-segmentation/GDPH-tissue-segmentation/422225-12-HE-DX1-S01.png,DP500-COAD_READ-GDPH_P01/part1/422225-12-HE-DX1-S01-class.tiff,DP500-COAD_READ-GDPH_P01/part1/422225-12-HE-DX1-S01-instance.tiff,DP500-COAD_READ-GDPH_P01/part1/422225-12-HE-DX1-S01.tiff
tissue_seg@10x/GDPH-tissue-segmentation/GDPH-tissue-segmentation/422225-12-HE-DX1-S02.png,DP500-COAD_READ-GDPH_P01/part1/422225-12-HE-DX1-S02-class.tiff,DP500-COAD_READ-GDPH_P01/part1/422225-12-HE-DX1-S02-instance.tiff,DP500-COAD_READ-GDPH_P01/part1/422225-12-HE-DX1-S02.tiff
tissue_seg@10x/GDPH-tissue-segmentation/GDPH-tissue-segmentation/422225-13-HE-DX1.png,DP500-COAD_READ-GDPH_P01/part1/422225-13-HE-DX1-class.tiff,DP500-COAD_READ-GDPH_P01/part1/422225-13-HE-DX1-instance.tiff,DP500-COAD_READ-GDPH_P01/part1/422225-13-HE-DX1.tiff
tissue_seg@10x/GDPH-tissue-segmentation/GDPH-tissue-segmentation/422332-6-HE-DX1-S01.png,DP500-COAD_READ-GDPH_P01/part1/422332-6-HE-DX1-S01-class.tiff,DP500-COAD_READ-GDPH_P01/part1/422332-6-HE-DX1-S01-instance.tiff,DP500-COAD_READ-GDPH_P01/part1/422332-6-HE-DX1-S01.tiff
tissue_seg@10x/GDPH-tissue-segmentation/GDPH-tissue-segmentation/422332-6-HE-DX1-S02.png,DP500-COAD_READ-GDPH_P01/part1/422332-6-HE-DX1-S02-class.tiff,DP500-COAD_READ-GDPH_P01/part1/422332-6-HE-DX1-S02-instance.tiff,DP500-COAD_READ-GDPH_P01/part1/422332-6-HE-DX1-S02.tiff
tissue_seg@10x/GDPH-tissue-segmentation/GDPH-tissue-segmentation/423520-6-HE-DX1-1.png,DP500-COAD_READ-GDPH_P01/part1/423520-6-HE-DX1-1-class.tiff,DP500-COAD_READ-GDPH_P01/part1/423520-6-HE-DX1-1-instance.tiff,DP500-COAD_READ-GDPH_P01/part1/423520-6-HE-DX1-1.tiff
tissue_seg@10x/GDPH-tissue-segmentation/GDPH-tissue-segmentation/423520-6-HE-DX1.png,DP500-COAD_READ-GDPH_P01/part1/423520-6-HE-DX1-class.tiff,DP500-COAD_READ-GDPH_P01/part1/423520-6-HE-DX1-instance.tiff,DP500-COAD_READ-GDPH_P01/part1/423520-6-HE-DX1.tiff
tissue_seg@10x/GDPH-tissue-segmentation/GDPH-tissue-segmentation/423590-8-HE-DX1.png,DP500-COAD_READ-GDPH_P01/part1/423590-8-HE-DX1-class.tiff,DP500-COAD_READ-GDPH_P01/part1/423590-8-HE-DX1-instance.tiff,DP500-COAD_READ-GDPH_P01/part1/423590-8-HE-DX1.tiff
tissue_seg@10x/GDPH-tissue-segmentation/GDPH-tissue-segmentation/425157-10-HE-DX1.png,DP500-COAD_READ-GDPH_P01/part1/425157-10-HE-DX1-class.tiff,DP500-COAD_READ-GDPH_P01/part1/425157-10-HE-DX1-instance.tiff,DP500-COAD_READ-GDPH_P01/part1/425157-10-HE-DX1.tiff
tissue_seg@10x/GDPH-tissue-segmentation/GDPH-tissue-segmentation/425172-9-HE-DX1.png,DP500-COAD_READ-GDPH_P01/part1/425172-9-HE-DX1-class.tiff,DP500-COAD_READ-GDPH_P01/part1/425172-9-HE-DX1-instance.tiff,DP500-COAD_READ-GDPH_P01/part1/425172-9-HE-DX1.tiff
tissue_seg@10x/GDPH-tissue-segmentation/GDPH-tissue-segmentation/425667-8-HE-DX1.png,DP500-COAD_READ-GDPH_P01/part1/425667-8-HE-DX1-class.tiff,DP500-COAD_READ-GDPH_P01/part1/425667-8-HE-DX1-instance.tiff,DP500-COAD_READ-GDPH_P01/part1/425667-8-HE-DX1.tiff
tissue_seg@10x/GDPH-tissue-segmentation/GDPH-tissue-segmentation/425831-7-HE-DX1.png,DP500-COAD_READ-GDPH_P01/part1/425831-7-HE-DX1-class.tiff,DP500-COAD_READ-GDPH_P01/part1/425831-7-HE-DX1-instance.tiff,DP500-COAD_READ-GDPH_P01/part1/425831-7-HE-DX1.tiff
tissue_seg@10x/GDPH-tissue-segmentation/GDPH-tissue-segmentation/427009-5-HE-DX1.png,DP500-COAD_READ-GDPH_P01/part1/427009-5-HE-DX1-class.tiff,DP500-COAD_READ-GDPH_P01/part1/427009-5-HE-DX1-instance.tiff,DP500-COAD_READ-GDPH_P01/part1/427009-5-HE-DX1.tiff
tissue_seg@10x/GDPH-tissue-segmentation/GDPH-tissue-segmentation/427145-7-HE-DX1.png,DP500-COAD_READ-GDPH_P01/part1/427145-7-HE-DX1-class.tiff,DP500-COAD_READ-GDPH_P01/part1/427145-7-HE-DX1-instance.tiff,DP500-COAD_READ-GDPH_P01/part1/427145-7-HE-DX1.tiff
tissue_seg@10x/GDPH-tissue-segmentation/GDPH-tissue-segmentation/427164-8-HE-DX1.png,DP500-COAD_READ-GDPH_P01/part1/427164-8-HE-DX1-class.tiff,DP500-COAD_READ-GDPH_P01/part1/427164-8-HE-DX1-instance.tiff,DP500-COAD_READ-GDPH_P01/part1/427164-8-HE-DX1.tiff
tissue_seg@10x/GDPH-tissue-segmentation/GDPH-tissue-segmentation/427682-19-HE-DX1.png,DP500-COAD_READ-GDPH_P01/part1/427682-19-HE-DX1-class.tiff,DP500-COAD_READ-GDPH_P01/part1/427682-19-HE-DX1-instance.tiff,DP500-COAD_READ-GDPH_P01/part1/427682-19-HE-DX1.tiff
tissue_seg@10x/GDPH-tissue-segmentation/GDPH-tissue-segmentation/427687-9-HE-DX1.png,DP500-COAD_READ-GDPH_P01/part1/427687-9-HE-DX1-class.tiff,DP500-COAD_READ-GDPH_P01/part1/427687-9-HE-DX1-instance.tiff,DP500-COAD_READ-GDPH_P01/part1/427687-9-HE-DX1.tiff
tissue_seg@10x/GDPH-tissue-segmentation/GDPH-tissue-segmentation/428168-16-HE-DX1.png,DP500-COAD_READ-GDPH_P01/part1/428168-16-HE-DX1-class.tiff,DP500-COAD_READ-GDPH_P01/part1/428168-16-HE-DX1-instance.tiff,DP500-COAD_READ-GDPH_P01/part1/428168-16-HE-DX1.tiff
tissue_seg@10x/GDPH-tissue-segmentation/GDPH-tissue-segmentation/428598-10-HE-DX1.png,DP500-COAD_READ-GDPH_P01/part1/428598-10-HE-DX1-class.tiff,DP500-COAD_READ-GDPH_P01/part1/428598-10-HE-DX1-instance.tiff,DP500-COAD_READ-GDPH_P01/part1/428598-10-HE-DX1.tiff
tissue_seg@10x/GDPH-tissue-segmentation/GDPH-tissue-segmentation/429424-5-HE-DX1.png,DP500-COAD_READ-GDPH_P01/part1/429424-5-HE-DX1-class.tiff,DP500-COAD_READ-GDPH_P01/part1/429424-5-HE-DX1-instance.tiff,DP500-COAD_READ-GDPH_P01/part1/429424-5-HE-DX1.tiff
tissue_seg@10x/GDPH-tissue-segmentation/GDPH-tissue-segmentation/429569-11-HE-DX1.png,DP500-COAD_READ-GDPH_P01/part1/429569-11-HE-DX1-class.tiff,DP500-COAD_READ-GDPH_P01/part1/429569-11-HE-DX1-instance.tiff,DP500-COAD_READ-GDPH_P01/part1/429569-11-HE-DX1.tiff
tissue_seg@10x/GDPH-tissue-segmentation/GDPH-tissue-segmentation/429712-11-HE-DX1.png,DP500-COAD_READ-GDPH_P01/part1/429712-11-HE-DX1-class.tiff,DP500-COAD_READ-GDPH_P01/part1/429712-11-HE-DX1-instance.tiff,DP500-COAD_READ-GDPH_P01/part1/429712-11-HE-DX1.tiff
tissue_seg@10x/GDPH-tissue-segmentation/GDPH-tissue-segmentation/429744-8-HE-DX1.png,DP500-COAD_READ-GDPH_P01/part1/429744-8-HE-DX1-class.tiff,DP500-COAD_READ-GDPH_P01/part1/429744-8-HE-DX1-instance.tiff,DP500-COAD_READ-GDPH_P01/part1/429744-8-HE-DX1.tiff
tissue_seg@10x/GDPH-tissue-segmentation/GDPH-tissue-segmentation/429998-11-HE-DX1-S01.png,DP500-COAD_READ-GDPH_P01/part1/429998-11-HE-DX1-S01-class.tiff,DP500-COAD_READ-GDPH_P01/part1/429998-11-HE-DX1-S01-instance.tiff,DP500-COAD_READ-GDPH_P01/part1/429998-11-HE-DX1-S01.tiff
tissue_seg@10x/GDPH-tissue-segmentation/GDPH-tissue-segmentation/429998-11-HE-DX1-S02.png,DP500-COAD_READ-GDPH_P01/part1/429998-11-HE-DX1-S02-class.tiff,DP500-COAD_READ-GDPH_P01/part1/429998-11-HE-DX1-S02-instance.tiff,DP500-COAD_READ-GDPH_P01/part1/429998-11-HE-DX1-S02.tiff
tissue_seg@10x/GDPH-tissue-segmentation/GDPH-tissue-segmentation/430171-6-HE-DX1.png,DP500-COAD_READ-GDPH_P01/part1/430171-6-HE-DX1-class.tiff,DP500-COAD_READ-GDPH_P01/part1/430171-6-HE-DX1-instance.tiff,DP500-COAD_READ-GDPH_P01/part1/430171-6-HE-DX1.tiff
tissue_seg@10x/GDPH-tissue-segmentation/GDPH-tissue-segmentation/430498-7-HE-DX1.png,DP500-COAD_READ-GDPH_P01/part1/430498-7-HE-DX1-class.tiff,DP500-COAD_READ-GDPH_P01/part1/430498-7-HE-DX1-instance.tiff,DP500-COAD_READ-GDPH_P01/part1/430498-7-HE-DX1.tiff
tissue_seg@10x/GDPH-tissue-segmentation/GDPH-tissue-segmentation/430891-20-HE-DX1.png,DP500-COAD_READ-GDPH_P01/part1/430891-20-HE-DX1-class.tiff,DP500-COAD_READ-GDPH_P01/part1/430891-20-HE-DX1-instance.tiff,DP500-COAD_READ-GDPH_P01/part1/430891-20-HE-DX1.tiff
tissue_seg@10x/GDPH-tissue-segmentation/GDPH-tissue-segmentation/431159-9-HE-DX1.png,DP500-COAD_READ-GDPH_P01/part1/431159-9-HE-DX1-class.tiff,DP500-COAD_READ-GDPH_P01/part1/431159-9-HE-DX1-instance.tiff,DP500-COAD_READ-GDPH_P01/part1/431159-9-HE-DX1.tiff
tissue_seg@10x/GDPH-tissue-segmentation/GDPH-tissue-segmentation/431681-7-HE-DX1.png,DP500-COAD_READ-GDPH_P01/part1/431681-7-HE-DX1-class.tiff,DP500-COAD_READ-GDPH_P01/part1/431681-7-HE-DX1-instance.tiff,DP500-COAD_READ-GDPH_P01/part1/431681-7-HE-DX1.tiff
tissue_seg@10x/GDPH-tissue-segmentation/GDPH-tissue-segmentation/432067-13-HE-DX1.png,DP500-COAD_READ-GDPH_P01/part1/432067-13-HE-DX1-class.tiff,DP500-COAD_READ-GDPH_P01/part1/432067-13-HE-DX1-instance.tiff,DP500-COAD_READ-GDPH_P01/part1/432067-13-HE-DX1.tiff
tissue_seg@10x/GDPH-tissue-segmentation/GDPH-tissue-segmentation/432347-12-HE-DX1.png,DP500-COAD_READ-GDPH_P01/part1/432347-12-HE-DX1-class.tiff,DP500-COAD_READ-GDPH_P01/part1/432347-12-HE-DX1-instance.tiff,DP500-COAD_READ-GDPH_P01/part1/432347-12-HE-DX1.tiff
tissue_seg@10x/GDPH-tissue-segmentation/GDPH-tissue-segmentation/432593-9-HE-DX1.png,DP500-COAD_READ-GDPH_P01/part1/432593-9-HE-DX1-class.tiff,DP500-COAD_READ-GDPH_P01/part1/432593-9-HE-DX1-instance.tiff,DP500-COAD_READ-GDPH_P01/part1/432593-9-HE-DX1.tiff
tissue_seg@10x/GDPH-tissue-segmentation/GDPH-tissue-segmentation/433105-7-HE-DX1.png,DP500-COAD_READ-GDPH_P01/part1/433105-7-HE-DX1-class.tiff,DP500-COAD_READ-GDPH_P01/part1/433105-7-HE-DX1-instance.tiff,DP500-COAD_READ-GDPH_P01/part1/433105-7-HE-DX1.tiff
tissue_seg@10x/GDPH-tissue-segmentation/GDPH-tissue-segmentation/434378-7-HE-DX1.png,DP500-COAD_READ-GDPH_P01/part1/434378-7-HE-DX1-class.tiff,DP500-COAD_READ-GDPH_P01/part1/434378-7-HE-DX1-instance.tiff,DP500-COAD_READ-GDPH_P01/part1/434378-7-HE-DX1.tiff
tissue_seg@10x/GDPH-tissue-segmentation/GDPH-tissue-segmentation/435305-13-HE-DX1.png,DP500-COAD_READ-GDPH_P01/part1/435305-13-HE-DX1-class.tiff,DP500-COAD_READ-GDPH_P01/part1/435305-13-HE-DX1-instance.tiff,DP500-COAD_READ-GDPH_P01/part1/435305-13-HE-DX1.tiff
tissue_seg@10x/GDPH-tissue-segmentation/GDPH-tissue-segmentation/435487-12-HE-DX1.png,DP500-COAD_READ-GDPH_P01/part1/435487-12-HE-DX1-class.tiff,DP500-COAD_READ-GDPH_P01/part1/435487-12-HE-DX1-instance.tiff,DP500-COAD_READ-GDPH_P01/part1/435487-12-HE-DX1.tiff
tissue_seg@10x/GDPH-tissue-segmentation/GDPH-tissue-segmentation/436251-9-HE-DX1.png,DP500-COAD_READ-GDPH_P01/part1/436251-9-HE-DX1-class.tiff,DP500-COAD_READ-GDPH_P01/part1/436251-9-HE-DX1-instance.tiff,DP500-COAD_READ-GDPH_P01/part1/436251-9-HE-DX1.tiff
tissue_seg@10x/GDPH-tissue-segmentation/GDPH-tissue-segmentation/436376-16-HE-DX1.png,DP500-COAD_READ-GDPH_P01/part1/436376-16-HE-DX1-class.tiff,DP500-COAD_READ-GDPH_P01/part1/436376-16-HE-DX1-instance.tiff,DP500-COAD_READ-GDPH_P01/part1/436376-16-HE-DX1.tiff
tissue_seg@10x/GDPH-tissue-segmentation/GDPH-tissue-segmentation/436979-18-HE-DX1.png,DP500-COAD_READ-GDPH_P01/part1/436979-18-HE-DX1-class.tiff,DP500-COAD_READ-GDPH_P01/part1/436979-18-HE-DX1-instance.tiff,DP500-COAD_READ-GDPH_P01/part1/436979-18-HE-DX1.tiff
tissue_seg@10x/GDPH-tissue-segmentation/GDPH-tissue-segmentation/437222-8-HE-DX1.png,DP500-COAD_READ-GDPH_P01/part1/437222-8-HE-DX1-class.tiff,DP500-COAD_READ-GDPH_P01/part1/437222-8-HE-DX1-instance.tiff,DP500-COAD_READ-GDPH_P01/part1/437222-8-HE-DX1.tiff
tissue_seg@10x/GDPH-tissue-segmentation/GDPH-tissue-segmentation/438667-7-HE-DX1.png,DP500-COAD_READ-GDPH_P01/part1/438667-7-HE-DX1-class.tiff,DP500-COAD_READ-GDPH_P01/part1/438667-7-HE-DX1-instance.tiff,DP500-COAD_READ-GDPH_P01/part1/438667-7-HE-DX1.tiff
tissue_seg@10x/GDPH-tissue-segmentation/GDPH-tissue-segmentation/438688-8-HE-DX1.png,DP500-COAD_READ-GDPH_P01/part1/438688-8-HE-DX1-class.tiff,DP500-COAD_READ-GDPH_P01/part1/438688-8-HE-DX1-instance.tiff,DP500-COAD_READ-GDPH_P01/part1/438688-8-HE-DX1.tiff
tissue_seg@10x/GDPH-tissue-segmentation/GDPH-tissue-segmentation/438690-14-HE-DX1.png,DP500-COAD_READ-GDPH_P01/part1/438690-14-HE-DX1-class.tiff,DP500-COAD_READ-GDPH_P01/part1/438690-14-HE-DX1-instance.tiff,DP500-COAD_READ-GDPH_P01/part1/438690-14-HE-DX1.tiff
tissue_seg@10x/GDPH-tissue-segmentation/GDPH-tissue-segmentation/439292-8-HE-DX1.png,DP500-COAD_READ-GDPH_P01/part1/439292-8-HE-DX1-class.tiff,DP500-COAD_READ-GDPH_P01/part1/439292-8-HE-DX1-instance.tiff,DP500-COAD_READ-GDPH_P01/part1/439292-8-HE-DX1.tiff
tissue_seg@10x/GDPH-tissue-segmentation/GDPH-tissue-segmentation/439660-5-HE-DX1.png,DP500-COAD_READ-GDPH_P01/part1/439660-5-HE-DX1-class.tiff,DP500-COAD_READ-GDPH_P01/part1/439660-5-HE-DX1-instance.tiff,DP500-COAD_READ-GDPH_P01/part1/439660-5-HE-DX1.tiff
tissue_seg@10x/GDPH-tissue-segmentation/GDPH-tissue-segmentation/439784-9-HE-DX1.png,DP500-COAD_READ-GDPH_P01/part1/439784-9-HE-DX1-class.tiff,DP500-COAD_READ-GDPH_P01/part1/439784-9-HE-DX1-instance.tiff,DP500-COAD_READ-GDPH_P01/part1/439784-9-HE-DX1.tiff
tissue_seg@10x/GDPH-tissue-segmentation/GDPH-tissue-segmentation/440020-14-HE-DX1.png,DP500-COAD_READ-GDPH_P01/part1/440020-14-HE-DX1-class.tiff,DP500-COAD_READ-GDPH_P01/part1/440020-14-HE-DX1-instance.tiff,DP500-COAD_READ-GDPH_P01/part1/440020-14-HE-DX1.tiff
tissue_seg@10x/GDPH-tissue-segmentation/GDPH-tissue-segmentation/440717-7-HE-DX1.png,DP500-COAD_READ-GDPH_P01/part1/440717-7-HE-DX1-class.tiff,DP500-COAD_READ-GDPH_P01/part1/440717-7-HE-DX1-instance.tiff,DP500-COAD_READ-GDPH_P01/part1/440717-7-HE-DX1.tiff
tissue_seg@10x/GDPH-tissue-segmentation/GDPH-tissue-segmentation/441219-14-HE-DX1.png,DP500-COAD_READ-GDPH_P01/part1/441219-14-HE-DX1-class.tiff,DP500-COAD_READ-GDPH_P01/part1/441219-14-HE-DX1-instance.tiff,DP500-COAD_READ-GDPH_P01/part1/441219-14-HE-DX1.tiff
tissue_seg@10x/GDPH-tissue-segmentation/GDPH-tissue-segmentation/441230-4-HE-DX1.png,DP500-COAD_READ-GDPH_P01/part1/441230-4-HE-DX1-class.tiff,DP500-COAD_READ-GDPH_P01/part1/441230-4-HE-DX1-instance.tiff,DP500-COAD_READ-GDPH_P01/part1/441230-4-HE-DX1.tiff
tissue_seg@10x/GDPH-tissue-segmentation/GDPH-tissue-segmentation/441330-9-HE-DX1.png,DP500-COAD_READ-GDPH_P01/part1/441330-9-HE-DX1-class.tiff,DP500-COAD_READ-GDPH_P01/part1/441330-9-HE-DX1-instance.tiff,DP500-COAD_READ-GDPH_P01/part1/441330-9-HE-DX1.tiff
tissue_seg@10x/GDPH-tissue-segmentation/GDPH-tissue-segmentation/441646-23-HE-DX1.png,DP500-COAD_READ-GDPH_P01/part1/441646-23-HE-DX1-class.tiff,DP500-COAD_READ-GDPH_P01/part1/441646-23-HE-DX1-instance.tiff,DP500-COAD_READ-GDPH_P01/part1/441646-23-HE-DX1.tiff
tissue_seg@10x/GDPH-tissue-segmentation/GDPH-tissue-segmentation/441648-4-HE-DX1.png,DP500-COAD_READ-GDPH_P01/part1/441648-4-HE-DX1-class.tiff,DP500-COAD_READ-GDPH_P01/part1/441648-4-HE-DX1-instance.tiff,DP500-COAD_READ-GDPH_P01/part1/441648-4-HE-DX1.tiff
tissue_seg@10x/GDPH-tissue-segmentation/GDPH-tissue-segmentation/442608-7-HE-DX1.png,DP500-COAD_READ-GDPH_P01/part1/442608-7-HE-DX1-class.tiff,DP500-COAD_READ-GDPH_P01/part1/442608-7-HE-DX1-instance.tiff,DP500-COAD_READ-GDPH_P01/part1/442608-7-HE-DX1.tiff
tissue_seg@10x/GDPH-tissue-segmentation/GDPH-tissue-segmentation/442882-4-HE-DX1.png,DP500-COAD_READ-GDPH_P01/part1/442882-4-HE-DX1-class.tiff,DP500-COAD_READ-GDPH_P01/part1/442882-4-HE-DX1-instance.tiff,DP500-COAD_READ-GDPH_P01/part1/442882-4-HE-DX1.tiff
tissue_seg@10x/GDPH-tissue-segmentation/GDPH-tissue-segmentation/442884-27-HE-DX1.png,DP500-COAD_READ-GDPH_P01/part1/442884-27-HE-DX1-class.tiff,DP500-COAD_READ-GDPH_P01/part1/442884-27-HE-DX1-instance.tiff,DP500-COAD_READ-GDPH_P01/part1/442884-27-HE-DX1.tiff
tissue_seg@10x/GDPH-tissue-segmentation/GDPH-tissue-segmentation/444007-16-HE-DX1.png,DP500-COAD_READ-GDPH_P01/part1/444007-16-HE-DX1-class.tiff,DP500-COAD_READ-GDPH_P01/part1/444007-16-HE-DX1-instance.tiff,DP500-COAD_READ-GDPH_P01/part1/444007-16-HE-DX1.tiff
tissue_seg@10x/GDPH-tissue-segmentation/GDPH-tissue-segmentation/444297-11-HE-DX1.png,DP500-COAD_READ-GDPH_P01/part1/444297-11-HE-DX1-class.tiff,DP500-COAD_READ-GDPH_P01/part1/444297-11-HE-DX1-instance.tiff,DP500-COAD_READ-GDPH_P01/part1/444297-11-HE-DX1.tiff
tissue_seg@10x/GDPH-tissue-segmentation/GDPH-tissue-segmentation/444576-21-HE-DX1.png,DP500-COAD_READ-GDPH_P01/part1/444576-21-HE-DX1-class.tiff,DP500-COAD_READ-GDPH_P01/part1/444576-21-HE-DX1-instance.tiff,DP500-COAD_READ-GDPH_P01/part1/444576-21-HE-DX1.tiff
tissue_seg@10x/GDPH-tissue-segmentation/GDPH-tissue-segmentation/445004-23-HE-DX1.png,DP500-COAD_READ-GDPH_P01/part1/445004-23-HE-DX1-class.tiff,DP500-COAD_READ-GDPH_P01/part1/445004-23-HE-DX1-instance.tiff,DP500-COAD_READ-GDPH_P01/part1/445004-23-HE-DX1.tiff
tissue_seg@10x/GDPH-tissue-segmentation/GDPH-tissue-segmentation/445458-11-HE-DX1.png,DP500-COAD_READ-GDPH_P01/part1/445458-11-HE-DX1-class.tiff,DP500-COAD_READ-GDPH_P01/part1/445458-11-HE-DX1-instance.tiff,DP500-COAD_READ-GDPH_P01/part1/445458-11-HE-DX1.tiff
tissue_seg@10x/GDPH-tissue-segmentation/GDPH-tissue-segmentation/445576-8-HE-DX1.png,DP500-COAD_READ-GDPH_P01/part1/445576-8-HE-DX1-class.tiff,DP500-COAD_READ-GDPH_P01/part1/445576-8-HE-DX1-instance.tiff,DP500-COAD_READ-GDPH_P01/part1/445576-8-HE-DX1.tiff
tissue_seg@10x/GDPH-tissue-segmentation/GDPH-tissue-segmentation/445579-8-HE-DX1.png,DP500-COAD_READ-GDPH_P01/part1/445579-8-HE-DX1-class.tiff,DP500-COAD_READ-GDPH_P01/part1/445579-8-HE-DX1-instance.tiff,DP500-COAD_READ-GDPH_P01/part1/445579-8-HE-DX1.tiff
tissue_seg@10x/GDPH-tissue-segmentation/GDPH-tissue-segmentation/446015-12-HE-DX1.png,DP500-COAD_READ-GDPH_P01/part1/446015-12-HE-DX1-class.tiff,DP500-COAD_READ-GDPH_P01/part1/446015-12-HE-DX1-instance.tiff,DP500-COAD_READ-GDPH_P01/part1/446015-12-HE-DX1.tiff
tissue_seg@10x/GDPH-tissue-segmentation/GDPH-tissue-segmentation/446029-12-HE-DX1.png,DP500-COAD_READ-GDPH_P01/part1/446029-12-HE-DX1-class.tiff,DP500-COAD_READ-GDPH_P01/part1/446029-12-HE-DX1-instance.tiff,DP500-COAD_READ-GDPH_P01/part1/446029-12-HE-DX1.tiff
tissue_seg@10x/GDPH-tissue-segmentation/GDPH-tissue-segmentation/446520-9-HE-DX1.png,DP500-COAD_READ-GDPH_P01/part1/446520-9-HE-DX1-class.tiff,DP500-COAD_READ-GDPH_P01/part1/446520-9-HE-DX1-instance.tiff,DP500-COAD_READ-GDPH_P01/part1/446520-9-HE-DX1.tiff
tissue_seg@10x/GDPH-tissue-segmentation/GDPH-tissue-segmentation/446655-13-HE-DX1.png,DP500-COAD_READ-GDPH_P01/part1/446655-13-HE-DX1-class.tiff,DP500-COAD_READ-GDPH_P01/part1/446655-13-HE-DX1-instance.tiff,DP500-COAD_READ-GDPH_P01/part1/446655-13-HE-DX1.tiff
tissue_seg@10x/GDPH-tissue-segmentation/GDPH-tissue-segmentation/446895-11-HE-DX1.png,DP500-COAD_READ-GDPH_P01/part1/446895-11-HE-DX1-class.tiff,DP500-COAD_READ-GDPH_P01/part1/446895-11-HE-DX1-instance.tiff,DP500-COAD_READ-GDPH_P01/part1/446895-11-HE-DX1.tiff
tissue_seg@10x/GDPH-tissue-segmentation/GDPH-tissue-segmentation/447712-6-HE-DX1.png,DP500-COAD_READ-GDPH_P01/part1/447712-6-HE-DX1-class.tiff,DP500-COAD_READ-GDPH_P01/part1/447712-6-HE-DX1-instance.tiff,DP500-COAD_READ-GDPH_P01/part1/447712-6-HE-DX1.tiff
tissue_seg@10x/GDPH-tissue-segmentation/GDPH-tissue-segmentation/447789-9-HE-DX1.png,DP500-COAD_READ-GDPH_P01/part1/447789-9-HE-DX1-class.tiff,DP500-COAD_READ-GDPH_P01/part1/447789-9-HE-DX1-instance.tiff,DP500-COAD_READ-GDPH_P01/part1/447789-9-HE-DX1.tiff
tissue_seg@10x/GDPH-tissue-segmentation/GDPH-tissue-segmentation/447811-7-HE-DX1.png,DP500-COAD_READ-GDPH_P01/part1/447811-7-HE-DX1-class.tiff,DP500-COAD_READ-GDPH_P01/part1/447811-7-HE-DX1-instance.tiff,DP500-COAD_READ-GDPH_P01/part1/447811-7-HE-DX1.tiff
tissue_seg@10x/GDPH-tissue-segmentation/GDPH-tissue-segmentation/448581-6-HE-DX1.png,DP500-COAD_READ-GDPH_P01/part1/448581-6-HE-DX1-class.tiff,DP500-COAD_READ-GDPH_P01/part1/448581-6-HE-DX1-instance.tiff,DP500-COAD_READ-GDPH_P01/part1/448581-6-HE-DX1.tiff
tissue_seg@10x/GDPH-tissue-segmentation/GDPH-tissue-segmentation/448844-8-HE-DX1.png,DP500-COAD_READ-GDPH_P01/part1/448844-8-HE-DX1-class.tiff,DP500-COAD_READ-GDPH_P01/part1/448844-8-HE-DX1-instance.tiff,DP500-COAD_READ-GDPH_P01/part1/448844-8-HE-DX1.tiff
